{"id":"oa3vrj21639355194840","name":"二维表数据处理组件","version":"2.0.14","introduction":"基于内存实现表格数据的快速处理","description":"","lastModifyTime":"2021/12/25 20:09","registry":"export","dependencies":{"0g7gQRf1639381451944":{"id":"0g7gQRf1639381451944","name":"启动Excel创建二维表对象","version":"1.0.19","type":"component","state":1,"description":"启动Excel创建二维表对象","descriptionLinkAddr":"https://blog.csdn.net/weixin_38546295/article/details/83537558","message0":"$1:$2 ，保存Excel二维表对象至：$0","componentType":"电脑组件","lastModifyTime":"2021/12/26 12:16"},"EAKVeFL1639738023235":{"id":"EAKVeFL1639738023235","name":"读取Excel二维表对象内容（名称）","version":"1.0.9","type":"component","state":1,"description":"根据行名称列名称获取行列内容","descriptionLinkAddr":"https://www.cnblogs.com/guxh/p/8627251.html","message0":"从Excel二维表对象 $1 中，读取 $2，保存$2至：$0","componentType":"电脑组件","lastModifyTime":"2021/12/26 12:15"},"sJ175Fb1640140729448":{"id":"sJ175Fb1640140729448","name":"写入Excel","version":"1.0.16","type":"component","state":1,"description":"不存在的话，则会新建文件，再写入\n已存在的话，则会新建，写入，再覆盖","descriptionLinkAddr":"https://blog.csdn.net/HJ_xing/article/details/112390297","message0":"Excel二维表对象 $0，写入 $1 Sheet页名称 $2","componentType":"电脑组件","lastModifyTime":"2021/12/26 12:18"},"BY7yfO31640263720653":{"id":"BY7yfO31640263720653","name":"Excel二维表空值移除处理","version":"1.0.12","type":"component","state":1,"description":"pandas的dropna()方法-丢弃含空值的行、列","descriptionLinkAddr":"https://blog.csdn.net/qq_17753903/article/details/89817371","message0":"从Excel二维表对象$1中，移除$2里$3的$2，保存数据至：$0","componentType":"电脑组件","lastModifyTime":"2021/12/26 12:16"},"o8290th1640263232598":{"id":"o8290th1640263232598","name":"读取Excel二维表行列数","version":"1.0.10","type":"component","state":1,"description":"","descriptionLinkAddr":"https://www.cnblogs.com/hezhiyao/p/7879812.html","message0":"从Excel二维表对象 $1 中， 读取 $2 ， 保存$2至：$0","componentType":"电脑组件","lastModifyTime":"2021/12/26 12:16"},"jXrfgR11640258644770":{"id":"jXrfgR11640258644770","name":"读取Excel二维表行列名称","version":"1.0.9","type":"component","state":1,"description":"","descriptionLinkAddr":"","message0":"从Excel二维表对象 $1 中， 读取 $2 ， 保存$2至：$0","componentType":"电脑组件","lastModifyTime":"2021/12/26 12:16"},"HvXtaJE1640261562668":{"id":"HvXtaJE1640261562668","name":"读取Excel二维表对象内容（索引）","version":"1.0.10","type":"component","state":1,"description":"根据行索引列索引获取行列内容","descriptionLinkAddr":"https://www.cnblogs.com/guxh/p/8627251.html","message0":"从Excel二维表对象 $1 中，读取 $2，保存$2至：$0","componentType":"电脑组件","lastModifyTime":"2021/12/26 12:16"},"5mVCYaw1640265057447":{"id":"5mVCYaw1640265057447","name":"Excel二维表重复行处理","version":"1.0.3","type":"component","state":1,"description":"","descriptionLinkAddr":"https://baijiahao.baidu.com/s?id=1709980916929031016&wfr=spider&for=pc","message0":"从Excel二维表对象$1中，以$4判断，$2 $3，保存数据至 $0","componentType":"电脑组件","lastModifyTime":"2021/12/26 12:17"},"tAN7uUZ1640275763091":{"id":"tAN7uUZ1640275763091","name":"读取Excel二维表对象内容（条件）","version":"1.0.4","type":"component","state":1,"description":"自建组件","descriptionLinkAddr":"https://www.gairuo.com/p/pandas-selecting-data","message0":"从Excel二维表对象$1中，筛选表达式$2，列名称$3，保存数据至：$0","componentType":"电脑组件","lastModifyTime":"2021/12/26 12:17"},"Osobq311640400997653":{"id":"Osobq311640400997653","name":"修改Excel二维表对象内容","version":"1.0.9","type":"component","state":1,"description":"","descriptionLinkAddr":"https://www.cnblogs.com/cgmcoding/p/13362539.html","message0":"Excel二维表对象$1，$2，把$3替换为$4，保存结果至：$0","componentType":"电脑组件","lastModifyTime":"2021/12/26 12:17"},"oFTWNDv1640418206364":{"id":"oFTWNDv1640418206364","name":"多Excel二位表对象拼接","version":"1.0.3","type":"component","state":1,"description":"concat方法是拼接函数，有行拼接和列拼接，默认是行拼接，拼接方法默认是外拼接","descriptionLinkAddr":"https://blog.csdn.net/zzpdbk/article/details/79232661","message0":"Excel二维表对象$1, $2 $3拼接，保存合并结果至：$0","componentType":"电脑组件","lastModifyTime":"2021/12/26 12:17"},"V5xtcok1640419258190":{"id":"V5xtcok1640419258190","name":"多Excel二维表对象合并","version":"1.0.3","type":"component","state":1,"description":"Pandas 合并(merge)，对于合并操作，一个或多个键把多行数据结合在一起","descriptionLinkAddr":"https://zhuanlan.zhihu.com/p/102274476","message0":"Excel二维表对象$1，$2，$3，保存数据至：$0","componentType":"电脑组件","lastModifyTime":"2021/12/26 12:17"},"w0teLTc1640422212665":{"id":"w0teLTc1640422212665","name":"Excel二维表对象分组","version":"1.0.3","type":"component","state":1,"description":"根据指定列进行分组计算，支持求和、计算、平均值等","descriptionLinkAddr":"https://zhuanlan.zhihu.com/p/101284491","message0":"Excel二维表对象 $1，根据$2分组，$3$4，保存数据至：$0","componentType":"电脑组件","lastModifyTime":"2021/12/26 12:17"},"dcs0XBM1640430203381":{"id":"dcs0XBM1640430203381","name":"Excel二维表对象数据透视表","version":"1.0.4","type":"component","state":1,"description":"适用场景：\n以A列为列名，B列作为行索引，C列作为分组统计数据，统计分组数据","descriptionLinkAddr":"https://www.shangmayuan.com/a/2c79d14637ce4f45acd7ebdc.html","message0":"Excel二维表对象 $1，以$2分类，$3统计$4，保存数据至：$0","componentType":"电脑组件","lastModifyTime":"2021/12/26 12:17"},"SyXsrBm1640435577631":{"id":"SyXsrBm1640435577631","name":"启动Excel创建二维表对象（扩展）","version":"1.0.20","type":"component","state":1,"description":"启动Excel创建二维表对象","descriptionLinkAddr":"https://blog.csdn.net/weixin_38546295/article/details/83537558","message0":"$1:$2 ，保存Excel二维表对象至：$0","componentType":"电脑组件","lastModifyTime":"2021/12/26 12:16"},"NIsEJXK1640435991735":{"id":"NIsEJXK1640435991735","name":"获取Excel二维表对象属性","version":"1.0.4","type":"component","state":1,"description":"自建组件","descriptionLinkAddr":"","message0":"在Excel二维表对象 $1中，获取$2，保存数据至：$0","componentType":"电脑组件","lastModifyTime":"2021/12/26 12:16"},"7cNwXVu1640439200954":{"id":"7cNwXVu1640439200954","name":"Excel二维表空值填充处理","version":"1.0.10","type":"component","state":1,"description":"","descriptionLinkAddr":"https://blog.csdn.net/qq_17753903/article/details/89817371","message0":"Excel二维表对象 $1 中，$2 $3 $4，保存数据至：$0","componentType":"电脑组件","lastModifyTime":"2021/12/26 12:17"}},"author":"Administrator","viewSourceCode":true}