{"id":"IAXPN961645968232996","name":"【二维表】列数据分类","version":"6.0.1","author":"","component":{"label":"【二维表】列数据分类","description":"对二维表中单列数据进行分类","descriptionLinkAddr":"","definition":{"message0":"对二维表对象$1中列$2进行数据分类，赋值给列$3，输出到：$0","args0":[{"name":"d_df","label":"输出到变量","displayType":"text","defaultValue":"df","propertityDirection":"1","type":"input_value","id":0},{"name":"d_df_input","label":"二维表对象","displayType":"text","defaultValue":"\"\"","propertityDirection":"0","type":"input_value","id":1},{"name":"d_col","label":"待分类列","displayType":"text","defaultValue":"\"\"","propertityDirection":"0","type":"input_value","id":2},{"name":"d_add","label":"新增列","displayType":"text","defaultValue":"\"\"","propertityDirection":"0","type":"input_value","id":3},{"name":"d_classify","label":"分类方式","displayType":"dropDownSelect","defaultValue":"\"等于\"","propertityDirection":"0","type":"input_value","id":4,"displayParam":[{"label":"等于","value":"\"等于\""},{"label":"包含","value":"\"包含\""},{"label":"开头为","value":"\"开头为\""},{"label":"结束为","value":"\"结束为\""}]},{"name":"d_dict","label":"对应关系（示例：{\"分类A\":\"AA\",\"分类B\":\"BB\"}）","displayType":"text","defaultValue":"{}","propertityDirection":"0","type":"input_value","id":5},{"name":"d_outlier","label":"异常值处理方式","displayType":"dropDownSelect","defaultValue":"\"保留原有值\"","propertityDirection":"0","type":"input_value","id":6,"displayParam":[{"label":"保留原有值","value":"\"保留原有值\""},{"label":"默认值","value":"\"默认值\""}]},{"name":"d_default","label":"默认值","displayType":"text","defaultValue":"\"\"","propertityDirection":"0","type":"input_value","id":7}],"options0":[]},"type":"TASK_COMPONENT_IAXPN961645968232996_1_0_1","version":"1.0.1","category":"task_component","tag":[{"label":"自建组件"},{"label":"流程组件"}],"codeDesc":[{"func":"self.TASK_COMPONENT_IAXPN961645968232996_1_0_1","args":["d_df_input","d_col","d_add","d_classify","d_dict","d_outlier","d_default"],"assignTo":"d_df"}],"componentMode":["normal"],"releaseTag":3},"model":null,"taskVersion":"1.0.1","componentType":"电脑组件","dependencies":{}}