{"id":"dcs0XBM1640430203381","name":"Excel二维表对象数据透视表","version":"5.9.7","author":"","component":{"label":"Excel二维表对象数据透视表","description":"适用场景：\n以A列为列名，B列作为行索引，C列作为分组统计数据，统计分组数据","descriptionLinkAddr":"https://www.shangmayuan.com/a/2c79d14637ce4f45acd7ebdc.html","definition":{"message0":"Excel二维表对象 $1，以$2分类，$3统计$4，保存数据至：$0","args0":[{"name":"d_return_data","label":"保存数据至","displayType":"text","defaultValue":"objRet","propertityDirection":"1","type":"input_value","id":0},{"name":"d_df","label":"Excel二维表对象","displayType":"text","defaultValue":"\"\"","propertityDirection":"0","type":"input_value","id":1},{"name":"d_index","label":"分类汇总列名（可传：字符串/列表）","displayType":"text","defaultValue":"[]","propertityDirection":"0","type":"input_value","id":2},{"name":"d_values","label":"分类统计列名（可传：字符串/列表）","displayType":"text","defaultValue":"[]","propertityDirection":"0","type":"input_value","id":3},{"name":"d_columns","label":"指定列作为分组列名（可选）","displayType":"text","defaultValue":"[]","propertityDirection":"0","type":"input_value","id":4,"displayParam":[{"label":"求和","value":"\"求和\""},{"label":"计数","value":"\"计数\""},{"label":"平均值","value":"\"平均值\""},{"label":"最大值","value":"\"最大值\""},{"label":"最小值","value":"\"最小值\""}]},{"name":"d_aggfunc","label":"统计方法","displayType":"multipleDropDownSelect","defaultValue":[],"propertityDirection":"0","type":"input_value","id":5,"displayParam":[{"label":"求和","value":"\"求和\""},{"label":"计数","value":"\"计数\""},{"label":"平均值","value":"\"平均值\""},{"label":"最大值","value":"\"最大值\""},{"label":"最小值","value":"\"最小值\""}]},{"name":"kwargs","label":"可选参数(可置为空字典)","displayType":"text","defaultValue":"{\"margins\":True,\"margins_name\":\"ALL\"}","propertityDirection":"0","type":"input_value","id":6}],"options0":[]},"type":"TASK_COMPONENT_dcs0XBM1640430203381_1_0_4","version":"1.0.4","category":"task_component","tag":[{"label":"自建组件"},{"label":"流程组件"}],"codeDesc":[{"func":"self.TASK_COMPONENT_dcs0XBM1640430203381_1_0_4","args":["d_df","d_index","d_values","d_columns","d_aggfunc","kwargs"],"assignTo":"d_return_data"}],"componentMode":["normal"],"releaseTag":3},"model":null,"taskVersion":"1.0.4","componentType":"电脑组件","dependencies":{}}