{"id":"4LN25tz1644401489385","name":"【二维表】填充缺失值（NaN）","version":"6.0.1","author":"","component":{"label":"【二维表】填充缺失值（NaN）","description":"将二维表对象中缺失值NaN按照不同填充方向、填充方式进行填充","descriptionLinkAddr":"","definition":{"message0":"将二维表对象$1中缺失值按填充方向$2、填充方式$4进行填充，输出至：$0","args0":[{"name":"d_df","label":"输出到变量","displayType":"text","defaultValue":"df","propertityDirection":"1","type":"input_value","id":0},{"name":"d_df_input","label":"二维表对象","displayType":"text","defaultValue":"\"\"","propertityDirection":"0","type":"input_value","id":1},{"name":"d_fill_axis","label":"填充方向","displayType":"dropDownSelect","defaultValue":"\"列\"","propertityDirection":"0","type":"input_value","id":2,"displayParam":[{"label":"列","value":"\"列\""},{"label":"行","value":"\"行\""}]},{"name":"d_subset","label":"指定行、列","displayType":"text","defaultValue":"[]","propertityDirection":"0","type":"input_value","id":3,"displayParam":[{"label":"[]","value":"\"[]\""}]},{"name":"d_fill_type","label":"填充方式","displayType":"dropDownSelect","defaultValue":"\"固定数值\"","propertityDirection":"0","type":"input_value","id":4,"displayParam":[{"label":"固定数值","value":"\"固定数值\""},{"label":"前一数值","value":"\"前一数值\""},{"label":"后一数值","value":"\"后一数值\""}]},{"name":"d_fill_value","label":"填充值（提示：仅固定数值方式下生效）","displayType":"text","defaultValue":"\"\"","propertityDirection":"0","type":"input_value","id":5}],"options0":[]},"type":"TASK_COMPONENT_4LN25tz1644401489385_1_0_9","version":"1.0.9","category":"task_component","tag":[{"label":"自建组件"},{"label":"流程组件"}],"codeDesc":[{"func":"self.TASK_COMPONENT_4LN25tz1644401489385_1_0_9","args":["d_df_input","d_fill_axis","d_subset","d_fill_type","d_fill_value"],"assignTo":"d_df"}],"componentMode":["normal"],"releaseTag":3},"model":null,"taskVersion":"1.0.9","componentType":"电脑组件","dependencies":{"oa3vrj21639355194840":{"id":"oa3vrj21639355194840","name":"二维表数据处理组件","version":"2.0.14","registry":"export","type":"group"}}}