{"id":"04OvED61689144908398","name":"组件执行抛出异常","version":"6.7.0","author":"","component":{"label":"组件执行抛出异常","description":"抛出错误码对应的信息","descriptionLinkAddr":"","definition":{"message0":"抛出错误码$0对应的信息","args0":[{"name":"错误码","label":"错误码","displayType":"dropDownSelect","defaultValue":"\"0000-组件执行成功\"","propertityDirection":"0","isExport":0,"type":"input_value","id":0,"displayParam":[{"label":"0000-组件执行成功","value":"\"0000-组件执行成功\""},{"label":"1001-未进入指定页面","value":"\"1001-未进入指定页面\""},{"label":"1002-输入参数错误","value":"\"1002-输入参数错误\""},{"label":"1003-账号或密码不正确","value":"\"1003-账号或密码不正确\""},{"label":"1004-需输入验证码","value":"\"1004-需输入验证码\""},{"label":"1005-缺少相关页面权限","value":"\"1005-缺少相关页面权限\""},{"label":"2001-元素查找失败","value":"\"2001-元素查找失败\""},{"label":"2002-文件下载超时","value":"\"2002-文件下载超时\""},{"label":"2003-接口请求失败","value":"\"2003-接口请求失败\""},{"label":"2004-条件选择失败","value":"\"2004-条件选择失败\""},{"label":"3001-验证码验证失败","value":"\"3001-验证码验证失败\""},{"label":"3002-IM软件发送消息失败","value":"\"3002-IM软件发送消息失败\""},{"label":"9999-组件执行失败","value":"\"9999-组件执行失败\""}]},{"name":"补充参数","label":"补充参数","displayType":"text","defaultValue":"{\"页面访问路径\":\"\",\"参数名称\":\"\",\"错误信息\":\"\"}","propertityDirection":"0","isExport":0,"type":"input_value","id":1,"vType":[{"rule":"const","types":["rpa_dict"]}]}],"options0":[]},"type":"TASK_COMPONENT_04OvED61689144908398_1_1_0","version":"1.1.0","category":"task_component","tag":[{"label":"自建组件"},{"label":"流程组件"}],"codeDesc":[{"func":"self.TASK_COMPONENT_04OvED61689144908398_1_1_0","args":["错误码","补充参数"],"assignTo":""}],"componentMode":["normal"],"releaseTag":3},"model":null,"taskVersion":"1.1.0","componentType":"电脑组件","isCollection":false,"syncVersion":"","publishVersion":"","blockSourceId":"","createTime":1689045885618,"useDoc":"","dependencies":{},"runtimeVersion":"6.7.6.0"}
