{"id":"9dUebuP1689144787606","name":"组件执行结果上报","version":"6.7.0","author":"","component":{"label":"组件执行结果上报","description":"组件执行结果上报至监控平台","descriptionLinkAddr":"","definition":{"message0":"组件执行结果上报至监控平台，输出至：$0","args0":[{"name":"执行结果","label":"执行结果","displayType":"text","defaultValue":"执行结果","propertityDirection":"1","isExport":1,"type":"input_value","id":0,"vType":[{"rule":"const","types":[{}]}]},{"name":"组件ID","label":"组件ID","displayType":"text","defaultValue":"\"\"","propertityDirection":"0","isExport":0,"type":"input_value","id":1,"vType":[{"rule":"const","types":["rpa_str"]}]},{"name":"组件PATH","label":"组件PATH","displayType":"text","defaultValue":"\"\"","propertityDirection":"0","isExport":0,"type":"input_value","id":2,"vType":[{"rule":"const","types":["rpa_str"]}]},{"name":"执行入参","label":"执行入参","displayType":"text","defaultValue":"\"\"","propertityDirection":"0","isExport":0,"type":"input_value","id":3,"vType":[{"rule":"const","types":["rpa_str"]}]},{"name":"租户标识","label":"租户标识","displayType":"text","defaultValue":"\"\"","propertityDirection":"0","isExport":0,"type":"input_value","id":4,"vType":[{"rule":"const","types":["rpa_str"]}]},{"name":"登录账号","label":"登录账号","displayType":"text","defaultValue":"\"\"","propertityDirection":"0","isExport":0,"type":"input_value","id":5,"vType":[{"rule":"const","types":["rpa_str"]}]},{"name":"运行状态","label":"运行状态","displayType":"text","defaultValue":"\"\"","propertityDirection":"0","isExport":0,"type":"input_value","id":6,"vType":[{"rule":"const","types":["rpa_str"]}]},{"name":"运行描述","label":"运行描述","displayType":"text","defaultValue":"\"\"","propertityDirection":"0","isExport":0,"type":"input_value","id":7,"vType":[{"rule":"const","types":["rpa_str"]}]},{"name":"执行出参","label":"执行出参","displayType":"text","defaultValue":"\"\"","propertityDirection":"0","isExport":0,"type":"input_value","id":8,"vType":[{"rule":"const","types":["rpa_str"]}]},{"name":"开始运行时间","label":"开始运行时间","displayType":"text","defaultValue":"\"\"","propertityDirection":"0","isExport":0,"type":"input_value","id":9,"vType":[{"rule":"const","types":["rpa_str"]}]},{"name":"结束运行时间","label":"结束运行时间","displayType":"text","defaultValue":"\"\"","propertityDirection":"0","isExport":0,"type":"input_value","id":10,"vType":[{"rule":"const","types":["rpa_str"]}]}],"options0":[{"defaultValue":"0","displayParam":[{"label":"是","value":"1"},{"label":"否","value":"0"}],"displayType":"dropDownSelect","label":"错误继续执行","name":"skip_err","type":"input_value"},{"defaultValue":"200","label":"执行前延时(毫秒)","name":"delay_before","type":"input_value"},{"defaultValue":"200","label":"执行后延时(毫秒)","type":"input_value","name":"delay_after"}]},"type":"TASK_COMPONENT_9dUebuP1689144787606_1_1_0","version":"1.1.0","category":"task_component","tag":[{"label":"自建组件"},{"label":"流程组件"}],"codeDesc":[{"func":"self.TASK_COMPONENT_9dUebuP1689144787606_1_1_0","args":["组件ID","组件PATH","执行入参","租户标识","登录账号","运行状态","运行描述","执行出参","开始运行时间","结束运行时间"],"assignTo":"执行结果"}],"componentMode":["normal"],"releaseTag":3},"model":null,"taskVersion":"1.1.0","componentType":"电脑组件","isCollection":false,"syncVersion":"","publishVersion":"","blockSourceId":"","createTime":1686539683890,"dependencies":{},"useDoc":"","runtimeVersion":"6.7.6.0"}
