{"id":"m47oLqw1644396805301","name":"【二维表】获取行、列数","version":"6.0.1","author":"","component":{"label":"【二维表】获取行、列数","description":"从二维表对象中，获取行、列数","descriptionLinkAddr":"","definition":{"message0":"从二维表对象$1中，获取$2，输出至：$0","args0":[{"name":"d_length","label":"输出到变量","displayType":"text","defaultValue":"length","propertityDirection":"1","type":"input_value","id":0},{"name":"d_df_input","label":"二维表对象","displayType":"text","defaultValue":"\"\"","propertityDirection":"0","type":"input_value","id":1},{"name":"d_witch_length","label":"读取方式","displayType":"dropDownSelect","defaultValue":"\"行数\"","propertityDirection":"0","type":"input_value","id":2,"displayParam":[{"label":"行数","value":"\"行数\""},{"label":"列数","value":"\"列数\""},{"label":"行数&列数","value":"\"行数&列数\""}]},{"name":"d_print","label":"打印日志","displayType":"dropDownSelect","defaultValue":"\"否\"","propertityDirection":"0","type":"input_value","id":3,"displayParam":[{"label":"否","value":"\"否\""},{"label":"是","value":"\"是\""}]}],"options0":[]},"type":"TASK_COMPONENT_m47oLqw1644396805301_1_0_4","version":"1.0.4","category":"task_component","tag":[{"label":"自建组件"},{"label":"流程组件"}],"codeDesc":[{"func":"self.TASK_COMPONENT_m47oLqw1644396805301_1_0_4","args":["d_df_input","d_witch_length","d_print"],"assignTo":"d_length"}],"componentMode":["normal"],"releaseTag":3},"model":null,"taskVersion":"1.0.4","componentType":"电脑组件","dependencies":{}}