{"id":"x1CwrnH1644650050462","name":"【二维表】合并","version":"6.0.1","author":"","component":{"label":"【二维表】合并","description":"合并二维表对象","descriptionLinkAddr":"","definition":{"message0":"将二维表对象$1、$2，以列$3、$4为键，以$5进行合并，输出至：$0","args0":[{"name":"d_df","label":"输出到变量","displayType":"text","defaultValue":"df","propertityDirection":"1","type":"input_value","id":0},{"name":"d_df_input_a","label":"二维表对象A","displayType":"text","defaultValue":"\"\"","propertityDirection":"0","type":"input_value","id":1},{"name":"d_df_input_b","label":"二维表对象B","displayType":"text","defaultValue":"\"\"","propertityDirection":"0","type":"input_value","id":2},{"name":"d_columns_a","label":"列标签A","displayType":"text","defaultValue":"\"\"","propertityDirection":"0","type":"input_value","id":3},{"name":"d_columns_b","label":"列标签B","displayType":"text","defaultValue":"\"\"","propertityDirection":"0","type":"input_value","id":4},{"name":"d_type","label":"合并方式","displayType":"dropDownSelect","defaultValue":"\"左侧二维表为主表\"","propertityDirection":"0","type":"input_value","id":5,"displayParam":[{"label":"左侧二维表为主表","value":"\"左侧二维表为主表\""},{"label":"右侧二维表为主表","value":"\"右侧二维表为主表\""}]}],"options0":[]},"type":"TASK_COMPONENT_x1CwrnH1644650050462_1_0_4","version":"1.0.4","category":"task_component","tag":[{"label":"自建组件"},{"label":"流程组件"}],"codeDesc":[{"func":"self.TASK_COMPONENT_x1CwrnH1644650050462_1_0_4","args":["d_df_input_a","d_df_input_b","d_columns_a","d_columns_b","d_type"],"assignTo":"d_df"}],"componentMode":["normal"],"releaseTag":3},"model":null,"taskVersion":"1.0.4","componentType":"电脑组件","dependencies":{}}