{"id":"0g7gQRf1639381451944","name":"启动Excel创建二维表对象","version":"5.9.7","author":"","component":{"label":"启动Excel创建二维表对象","description":"启动Excel创建二维表对象","descriptionLinkAddr":"https://blog.csdn.net/weixin_38546295/article/details/83537558","definition":{"message0":"$1:$2 ，保存Excel二维表对象至：$0","args0":[{"name":"d_data_df","label":"保存Excel二位表对象至","displayType":"text","defaultValue":"objExcelWorkBookDF","propertityDirection":"1","type":"input_value","id":0},{"name":"d_boot_type","label":"启动方式","displayType":"dropDownSelect","defaultValue":"\"新建Excel\"","propertityDirection":"0","type":"input_value","id":1,"displayParam":[{"label":"新建Excel","value":"\"新建Excel\""},{"label":"打开已有的Excel","value":"\"打开已有的Excel\""}]},{"name":"d_io","label":"Excel文件路径","displayType":"selectFile","defaultValue":"\"\"","propertityDirection":"0","type":"input_value","id":2},{"name":"d_sheet_name","label":"Sheet页名称","displayType":"text","defaultValue":"\"Sheet1\"","propertityDirection":"0","type":"input_value","id":3,"displayParam":[{"label":"\"Sheet1\"","value":"\"\"Sheet1\"\""}]},{"name":"d_header","label":"指定列索引（默认为0）","displayType":"text","defaultValue":"0","propertityDirection":"0","type":"input_value","id":4},{"name":"d_xattrs","label":"扩展属性","displayType":"text","defaultValue":"{\"names\":None, \"index_col\":None, \"usecols\":None, \"dtype\": None, \"converters\":None, \"skiprows\":None, \"nrows\":None, \"skipfooter\":0}","propertityDirection":"0","type":"input_value","id":5}],"options0":[{"defaultValue":"0","displayParam":[{"label":"是","value":"1"},{"label":"否","value":"0"}],"displayType":"dropDownSelect","label":"错误继续执行","name":"skip_err","type":"input_value"},{"defaultValue":"200","label":"执行前延时(毫秒)","name":"delay_before","type":"input_value"},{"defaultValue":"200","label":"执行后延时(毫秒)","type":"input_value","name":"delay_after"}]},"type":"TASK_COMPONENT_0g7gQRf1639381451944_1_0_19","version":"1.0.19","category":"task_component","tag":[{"label":"自建组件"},{"label":"流程组件"}],"codeDesc":[{"func":"self.TASK_COMPONENT_0g7gQRf1639381451944_1_0_19","args":["d_boot_type","d_io","d_sheet_name","d_header","d_xattrs"],"assignTo":"d_data_df"}],"componentMode":["normal"],"releaseTag":3},"model":null,"taskVersion":"1.0.19","componentType":"电脑组件","dependencies":{}}