{"id":"V5xtcok1640419258190","name":"多Excel二维表对象合并","version":"5.9.7","author":"","component":{"label":"多Excel二维表对象合并","description":"Pandas 合并(merge)，对于合并操作，一个或多个键把多行数据结合在一起","descriptionLinkAddr":"https://zhuanlan.zhihu.com/p/102274476","definition":{"message0":"Excel二维表对象$1，$2，$3，保存数据至：$0","args0":[{"name":"d_return_data","label":"保存数据至","displayType":"text","defaultValue":"objRet","propertityDirection":"1","type":"input_value","id":0},{"name":"d_df_list","label":"Excel二维表对象列表（如：[df1,df2,df3]）","displayType":"text","defaultValue":"[]","propertityDirection":"0","type":"input_value","id":1},{"name":"d_merge_type","label":"合并方式","displayType":"dropDownSelect","defaultValue":"\"左合并\"","propertityDirection":"0","type":"input_value","id":2,"displayParam":[{"label":"左合并","value":"\"左合并\""},{"label":"右合并","value":"\"右合并\""},{"label":"交集","value":"\"交集\""},{"label":"并集","value":"\"并集\""}]},{"name":"d_col_list","label":"连接列名（如：['']）","displayType":"text","defaultValue":"[]","propertityDirection":"0","type":"input_value","id":3}],"options0":[]},"type":"TASK_COMPONENT_V5xtcok1640419258190_1_0_3","version":"1.0.3","category":"task_component","tag":[{"label":"自建组件"},{"label":"流程组件"}],"codeDesc":[{"func":"self.TASK_COMPONENT_V5xtcok1640419258190_1_0_3","args":["d_df_list","d_merge_type","d_col_list"],"assignTo":"d_return_data"}],"componentMode":["normal"],"releaseTag":3},"model":null,"taskVersion":"1.0.3","componentType":"电脑组件","dependencies":{}}