{"id":"5mVCYaw1640265057447","name":"Excel二维表重复行处理","version":"5.9.7","author":"","component":{"label":"Excel二维表重复行处理","description":"","descriptionLinkAddr":"https://baijiahao.baidu.com/s?id=1709980916929031016&wfr=spider&for=pc","definition":{"message0":"从Excel二维表对象$1中，以$4判断，$2 $3，保存数据至 $0","args0":[{"name":"d_return_data","label":"保存数据至","displayType":"text","defaultValue":"objRet","propertityDirection":"1","type":"input_value","id":0},{"name":"d_df","label":"Excel二维表对象","displayType":"text","defaultValue":"\"\"","propertityDirection":"0","type":"input_value","id":1},{"name":"d_mode","label":"操作模式","displayType":"dropDownSelect","defaultValue":"\"删除\"","propertityDirection":"0","type":"input_value","id":2,"displayParam":[{"label":"删除","value":"\"删除\""},{"label":"保留","value":"\"保留\""}]},{"name":"d_keep_row","label":"保留行","displayType":"dropDownSelect","defaultValue":"\"第一行\"","propertityDirection":"0","type":"input_value","id":3,"displayParam":[{"label":"第一行","value":"\"第一行\""},{"label":"最后一行","value":"\"最后一行\""}]},{"name":"d_col_name_array","label":"有重复数据的列","displayType":"text","defaultValue":"[\"姓名\",\"科目\"]","propertityDirection":"0","type":"input_value","id":4}],"options0":[]},"type":"TASK_COMPONENT_5mVCYaw1640265057447_1_0_3","version":"1.0.3","category":"task_component","tag":[{"label":"自建组件"},{"label":"流程组件"}],"codeDesc":[{"func":"self.TASK_COMPONENT_5mVCYaw1640265057447_1_0_3","args":["d_df","d_mode","d_keep_row","d_col_name_array"],"assignTo":"d_return_data"}],"componentMode":["normal"],"releaseTag":3},"model":null,"taskVersion":"1.0.3","componentType":"电脑组件","dependencies":{}}