{"id":"sJ175Fb1640140729448","name":"写入Excel","version":"5.9.7","author":"","component":{"label":"写入Excel","description":"不存在的话，则会新建文件，再写入\n已存在的话，则会新建，写入，再覆盖","descriptionLinkAddr":"https://blog.csdn.net/HJ_xing/article/details/112390297","definition":{"message0":"Excel二维表对象 $0，写入 $1 Sheet页名称 $2","args0":[{"name":"d_df","label":"Excel二维表对象","displayType":"text","defaultValue":"\"\"","propertityDirection":"0","type":"input_value","id":0,"displayParam":[{"label":"objExcelWorkBookDF","value":"\"objExcelWorkBookDF\""}]},{"name":"d_io","label":"Excel文件路径","displayType":"selectFile","defaultValue":"\"\"","propertityDirection":"0","type":"input_value","id":1},{"name":"d_sheet_name","label":"Sheet页名称","displayType":"text","defaultValue":"'Sheet1'","propertityDirection":"0","type":"input_value","id":2},{"name":"d_xattrs","label":"扩展属性","displayType":"text","defaultValue":"{\"d_has_index\": False, \"encoding\": \"utf-8\"}","propertityDirection":"0","type":"input_value","id":3}],"options0":[{"defaultValue":"0","displayParam":[{"label":"是","value":"1"},{"label":"否","value":"0"}],"displayType":"dropDownSelect","label":"错误继续执行","name":"skip_err","type":"input_value"},{"defaultValue":"200","label":"执行前延时(毫秒)","name":"delay_before","type":"input_value"},{"defaultValue":"200","label":"执行后延时(毫秒)","type":"input_value","name":"delay_after"}]},"type":"TASK_COMPONENT_sJ175Fb1640140729448_1_0_16","version":"1.0.16","category":"task_component","tag":[{"label":"自建组件"},{"label":"流程组件"}],"codeDesc":[{"func":"self.TASK_COMPONENT_sJ175Fb1640140729448_1_0_16","args":["d_df","d_io","d_sheet_name","d_xattrs"],"assignTo":""}],"componentMode":["normal"],"releaseTag":3},"model":null,"taskVersion":"1.0.16","componentType":"电脑组件","dependencies":{}}