{"id":"jXrfgR11640258644770","name":"读取Excel二维表行列名称","version":"5.9.7","author":"","component":{"label":"读取Excel二维表行列名称","description":"","descriptionLinkAddr":"","definition":{"message0":"从Excel二维表对象 $1 中， 读取 $2 ， 保存$2至：$0","args0":[{"name":"d_result","label":"保存数据至","displayType":"text","defaultValue":"objRet","propertityDirection":"1","type":"input_value","id":0},{"name":"d_df","label":"二维表对象","displayType":"text","defaultValue":"\"\"","propertityDirection":"0","type":"input_value","id":1},{"name":"d_mode","label":"读取方式","displayType":"dropDownSelect","defaultValue":"\"获取所有行名称\"","propertityDirection":"0","type":"input_value","id":2,"displayParam":[{"label":"获取所有行名称","value":"\"获取所有行名称\""},{"label":"获取所有列名称","value":"\"获取所有列名称\""},{"label":"根据行索引获取行名称","value":"\"根据行索引获取行名称\""},{"label":"根据列索引获取列名称","value":"\"根据列索引获取列名称\""}]},{"name":"d_no","label":"索引（可选，仅根据索引获取时有效）","displayType":"text","defaultValue":"0","propertityDirection":"0","type":"input_value","id":3}],"options0":[]},"type":"TASK_COMPONENT_jXrfgR11640258644770_1_0_9","version":"1.0.9","category":"task_component","tag":[{"label":"自建组件"},{"label":"流程组件"}],"codeDesc":[{"func":"self.TASK_COMPONENT_jXrfgR11640258644770_1_0_9","args":["d_df","d_mode","d_no"],"assignTo":"d_result"}],"componentMode":["normal"],"releaseTag":3},"model":null,"taskVersion":"1.0.9","componentType":"电脑组件","dependencies":{}}