{"id":"HvXtaJE1640261562668","name":"读取Excel二维表对象内容（索引）","version":"5.9.7","author":"","component":{"label":"读取Excel二维表对象内容（索引）","description":"根据行索引列索引获取行列内容","descriptionLinkAddr":"https://www.cnblogs.com/guxh/p/8627251.html","definition":{"message0":"从Excel二维表对象 $1 中，读取 $2，保存$2至：$0","args0":[{"name":"d_result","label":"保存数据至","displayType":"text","defaultValue":"objRet","propertityDirection":"1","type":"input_value","id":0},{"name":"d_df","label":"二维表对象","displayType":"text","defaultValue":"\"\"","propertityDirection":"0","type":"input_value","id":1},{"name":"d_mode","label":"读取方式","displayType":"dropDownSelect","defaultValue":"\"行内容\"","propertityDirection":"0","type":"input_value","id":2,"displayParam":[{"label":"行内容","value":"\"行内容\""},{"label":"列内容","value":"\"列内容\""},{"label":"单元格","value":"\"单元格\""},{"label":"区域内容","value":"\"区域内容\""}]},{"name":"d_begin_no","label":"起始索引（行内容=起始行索引、列名称=起始列索引、单元格=行索引、区域内容=[起始行索引，起始列索引]）","displayType":"text","defaultValue":"0","propertityDirection":"0","type":"input_value","id":3},{"name":"d_end_no","label":"结束索引（行内容=结束行索引、列名称=结束列索引、单元格=列索引、区域内容=[结束行索引，结束列索引]）","displayType":"text","defaultValue":"0","propertityDirection":"0","type":"input_value","id":4}],"options0":[]},"type":"TASK_COMPONENT_HvXtaJE1640261562668_1_0_10","version":"1.0.10","category":"task_component","tag":[{"label":"自建组件"},{"label":"流程组件"}],"codeDesc":[{"func":"self.TASK_COMPONENT_HvXtaJE1640261562668_1_0_10","args":["d_df","d_mode","d_begin_no","d_end_no"],"assignTo":"d_result"}],"componentMode":["normal"],"releaseTag":3},"model":null,"taskVersion":"1.0.10","componentType":"电脑组件","dependencies":{}}