{"id":"Osobq311640400997653","name":"修改Excel二维表对象内容","version":"5.9.7","author":"","component":{"label":"修改Excel二维表对象内容","description":"","descriptionLinkAddr":"https://www.cnblogs.com/cgmcoding/p/13362539.html","definition":{"message0":"Excel二维表对象$1，$2，把$3替换为$4，保存结果至：$0","args0":[{"name":"d_return_data","label":"保存数据至","displayType":"text","defaultValue":"objRet","propertityDirection":"1","type":"input_value","id":0},{"name":"d_df","label":"Excel二维表对象","displayType":"text","defaultValue":"\"\"","propertityDirection":"0","type":"input_value","id":1},{"name":"d_mode","label":"修改方式","displayType":"dropDownSelect","defaultValue":"\"指定列部分\"","propertityDirection":"0","type":"input_value","id":2,"displayParam":[{"label":"指定列部分","value":"\"指定列部分\""},{"label":"指定列","value":"\"指定列\""},{"label":"指定条件","value":"\"指定条件\""},{"label":"按正则","value":"\"按正则\""},{"label":"全局","value":"\"全局\""}]},{"name":"d_ori_content","label":"查找内容（支持：字符串/表达式/正则）","displayType":"text","defaultValue":"\"\"","propertityDirection":"0","type":"input_value","id":3},{"name":"d_target_content","label":"替换文本","displayType":"text","defaultValue":"\"\"","propertityDirection":"0","type":"input_value","id":4},{"name":"d_column_name","label":"列名称（可选，全局替换时无效）","displayType":"text","defaultValue":"\"\"","propertityDirection":"0","type":"input_value","id":5}],"options0":[]},"type":"TASK_COMPONENT_Osobq311640400997653_1_0_9","version":"1.0.9","category":"task_component","tag":[{"label":"自建组件"},{"label":"流程组件"}],"codeDesc":[{"func":"self.TASK_COMPONENT_Osobq311640400997653_1_0_9","args":["d_df","d_mode","d_ori_content","d_target_content","d_column_name"],"assignTo":"d_return_data"}],"componentMode":["normal"],"releaseTag":3},"model":null,"taskVersion":"1.0.9","componentType":"电脑组件","dependencies":{}}