{"id":"I25fJJi1644757005024","name":"【二维表】查看数据（仅打印日志）","version":"6.0.1","author":"","component":{"label":"【二维表】查看数据（仅打印日志）","description":"查看二维表对象的数据","descriptionLinkAddr":"","definition":{"message0":"将二维表对象$0的数据打印至日志，用于查看","args0":[{"name":"d_df_input","label":"二维表对象","displayType":"text","defaultValue":"\"\"","propertityDirection":"0","type":"input_value","id":0},{"name":"d_preview_type","label":"查看方向","displayType":"dropDownSelect","defaultValue":"\"头部\"","propertityDirection":"0","type":"input_value","id":1,"displayParam":[{"label":"头部","value":"\"头部\""},{"label":"尾部","value":"\"尾部\""}]},{"name":"d_preview_line","label":"查看行数","displayType":"text","defaultValue":"5","propertityDirection":"0","type":"input_value","id":2}],"options0":[]},"type":"TASK_COMPONENT_I25fJJi1644757005024_1_0_0","version":"1.0.0","category":"task_component","tag":[{"label":"自建组件"},{"label":"流程组件"}],"codeDesc":[{"func":"self.TASK_COMPONENT_I25fJJi1644757005024_1_0_0","args":["d_df_input","d_preview_type","d_preview_line"],"assignTo":""}],"componentMode":["normal"],"releaseTag":3},"model":null,"taskVersion":"1.0.0","componentType":"电脑组件","dependencies":{}}