{"id":"ychUlUv1646012573493","name":"【二维表】列字符分割（split）","version":"6.0.1","author":"","component":{"label":"【二维表】列字符分割（split）","description":"对二维表对象中一列进行字符分割","descriptionLinkAddr":"","definition":{"message0":"对二维表对象$1中列$2进行字符分割，取索引$4赋值给列$6，输出到：$0","args0":[{"name":"d_df","label":"输出到变量","displayType":"text","defaultValue":"df","propertityDirection":"1","type":"input_value","id":0},{"name":"d_df_input","label":"二维表对象","displayType":"text","defaultValue":"\"\"","propertityDirection":"0","type":"input_value","id":1},{"name":"d_col","label":"待分割列","displayType":"text","defaultValue":"\"\"","propertityDirection":"0","type":"input_value","id":2},{"name":"d_sep","label":"分隔符","displayType":"text","defaultValue":"\"\"","propertityDirection":"0","type":"input_value","id":3},{"name":"d_idx","label":"指定索引","displayType":"text","defaultValue":"0","propertityDirection":"0","type":"input_value","id":4},{"name":"d_default","label":"错误值填充","displayType":"text","defaultValue":"\"\"","propertityDirection":"0","type":"input_value","id":5},{"name":"d_add","label":"新增列","displayType":"text","defaultValue":"\"\"","propertityDirection":"0","type":"input_value","id":6}],"options0":[]},"type":"TASK_COMPONENT_ychUlUv1646012573493_1_0_3","version":"1.0.3","category":"task_component","tag":[{"label":"自建组件"},{"label":"流程组件"}],"codeDesc":[{"func":"self.TASK_COMPONENT_ychUlUv1646012573493_1_0_3","args":["d_df_input","d_col","d_sep","d_idx","d_default","d_add"],"assignTo":"d_df"}],"componentMode":["normal"],"releaseTag":3},"model":null,"taskVersion":"1.0.3","componentType":"电脑组件","dependencies":{}}