{"id":"gf6dzBm1644830595340","name":"【二维表】分组（转化）","version":"6.0.1","author":"","component":{"label":"【二维表】分组（转化）","description":"对二维表对象分组并转化（行数保持不变）","descriptionLinkAddr":"","definition":{"message0":"根据列$2对二维表对象$1分组，计算列$4的$3并新增一列$5，输出至：$0","args0":[{"name":"d_df","label":"输出到变量","displayType":"text","defaultValue":"df","propertityDirection":"1","type":"input_value","id":0},{"name":"d_df_input","label":"二维表对象","displayType":"text","defaultValue":"\"\"","propertityDirection":"0","type":"input_value","id":1},{"name":"d_columns","label":"分组列（示例：[\"公司名称\"]）","displayType":"text","defaultValue":"[]","propertityDirection":"0","type":"input_value","id":2},{"name":"d_type","label":"待转化操作","displayType":"dropDownSelect","defaultValue":"\"求和（sum）\"","propertityDirection":"0","type":"input_value","id":3,"displayParam":[{"label":"求和（sum）","value":"\"求和（sum）\""},{"label":"均值（mean）","value":"\"均值（mean）\""},{"label":"计数（count）","value":"\"计数（count）\""},{"label":"最小值（min）","value":"\"最小值（min）\""},{"label":"最大值（max）","value":"\"最大值（max）\""},{"label":"中位数（median）","value":"\"中位数（median）\""},{"label":"方差（std）","value":"\"方差（std）\""},{"label":"标准差（var）","value":"\"标准差（var）\""}]},{"name":"d_transform","label":"待转化列（示例：\"年龄\"）","displayType":"text","defaultValue":"\"\"","propertityDirection":"0","type":"input_value","id":4},{"name":"d_add","label":"新增列（示例：\"年龄-中位数\"）","displayType":"text","defaultValue":"\"\"","propertityDirection":"0","type":"input_value","id":5}],"options0":[]},"type":"TASK_COMPONENT_gf6dzBm1644830595340_1_0_6","version":"1.0.6","category":"task_component","tag":[{"label":"自建组件"},{"label":"流程组件"}],"codeDesc":[{"func":"self.TASK_COMPONENT_gf6dzBm1644830595340_1_0_6","args":["d_df_input","d_columns","d_type","d_transform","d_add"],"assignTo":"d_df"}],"componentMode":["normal"],"releaseTag":3},"model":null,"taskVersion":"1.0.6","componentType":"电脑组件","dependencies":{}}