{"id":"tTcYZEr1644808214028","name":"【二维表】筛选行","version":"6.0.1","author":"","component":{"label":"【二维表】筛选行","description":"筛选二维表对象的行","descriptionLinkAddr":"","definition":{"message0":"对二维表对象$1进行筛选，筛选条件为$2，输出至：$0","args0":[{"name":"d_df","label":"输出到变量","displayType":"text","defaultValue":"df","propertityDirection":"1","type":"input_value","id":0},{"name":"d_df_input","label":"二维表对象","displayType":"text","defaultValue":"\"\"","propertityDirection":"0","type":"input_value","id":1},{"name":"d_filter","label":"筛选条件（提示：多条件时需使用&（且） 和 |（或）进行连接，且每个条件都要用小括号括起来；）（示例1：\"df['公司'] == '公司A'\"）（示例2：\"(df['公司'] == '公司A') & (df['职位'] == '老板')\"） （示例3：\"df['公司'].isin(['公司A','公司B'])\"） （示例4：\"~df['公司'].isin(['公司A','公司B'])\"）（示例5：\"df['公司'].str.contains('A')\"） （示例6：\"df['公司'].isin(['公司A','公司B'])  | df['入职时间'].str.contains('2021')\"）","displayType":"text","defaultValue":"\"\"","propertityDirection":"0","type":"input_value","id":2}],"options0":[]},"type":"TASK_COMPONENT_tTcYZEr1644808214028_1_0_8","version":"1.0.8","category":"task_component","tag":[{"label":"自建组件"},{"label":"流程组件"}],"codeDesc":[{"func":"self.TASK_COMPONENT_tTcYZEr1644808214028_1_0_8","args":["d_df_input","d_filter"],"assignTo":"d_df"}],"componentMode":["normal"],"releaseTag":3},"model":null,"taskVersion":"1.0.8","componentType":"电脑组件","dependencies":{}}