{"id":"BY7yfO31640263720653","name":"Excel二维表空值移除处理","version":"5.9.7","author":"","component":{"label":"Excel二维表空值移除处理","description":"pandas的dropna()方法-丢弃含空值的行、列","descriptionLinkAddr":"https://blog.csdn.net/qq_17753903/article/details/89817371","definition":{"message0":"从Excel二维表对象$1中，移除$2里$3的$2，保存数据至：$0","args0":[{"name":"d_return_data","label":"保存数据至","displayType":"text","defaultValue":"objRet","propertityDirection":"1","type":"input_value","id":0},{"name":"d_df","label":"二维表对象","displayType":"text","defaultValue":"\"\"","propertityDirection":"0","type":"input_value","id":1},{"name":"d_mode","label":"读取方式","displayType":"dropDownSelect","defaultValue":"\"行\"","propertityDirection":"0","type":"input_value","id":2,"displayParam":[{"label":"行","value":"\"行\""},{"label":"列","value":"\"列\""}]},{"name":"d_remove","label":"丢掉方式","displayType":"dropDownSelect","defaultValue":"\"有缺失值\"","propertityDirection":"0","type":"input_value","id":3,"displayParam":[{"label":"有缺失值","value":"\"有缺失值\""},{"label":"所有值是缺失值","value":"\"所有值是缺失值\""}]}],"options0":[]},"type":"TASK_COMPONENT_BY7yfO31640263720653_1_0_12","version":"1.0.12","category":"task_component","tag":[{"label":"自建组件"},{"label":"流程组件"}],"codeDesc":[{"func":"self.TASK_COMPONENT_BY7yfO31640263720653_1_0_12","args":["d_df","d_mode","d_remove"],"assignTo":"d_return_data"}],"componentMode":["normal"],"releaseTag":3},"model":null,"taskVersion":"1.0.12","componentType":"电脑组件","dependencies":{}}