{"id":"HEfrOuA1690891381369","name":"1688-账号登录","version":"","author":"","useDoc":"","component":{"label":"1688-账号登录","description":"通过账号密码方式登录1688","descriptionLinkAddr":"","definition":{"message0":"在$3上，通过账号密码方式登录1688，输出至：$0","args0":[{"name":"网页对象","label":"网页对象","displayType":"text","defaultValue":"网页对象","propertityDirection":"1","isExport":1,"type":"input_value","id":0,"vType":[{"rule":"const","types":[{}]}]},{"name":"登录账号","label":"登录账号","displayType":"text","defaultValue":"\"\"","propertityDirection":"0","isExport":0,"type":"input_value","id":1,"vType":[{"rule":"const","types":["rpa_str"]}]},{"name":"登录密码","label":"登录密码","displayType":"text","defaultValue":"\"\"","propertityDirection":"0","isExport":0,"type":"input_value","id":2,"vType":[{"rule":"const","types":["rpa_str"]}]},{"name":"浏览器类型","label":"浏览器类型","displayType":"dropDownSelect","defaultValue":"\"Chrome浏览器\"","propertityDirection":"0","isExport":0,"type":"input_value","id":3,"displayParam":[{"label":"Chrome浏览器","value":"\"Chrome浏览器\""}]},{"name":"是否重启浏览器","label":"是否重启浏览器","displayType":"dropDownSelect","defaultValue":"\"是\"","propertityDirection":"0","isExport":0,"type":"input_value","id":4,"displayParam":[{"label":"是","value":"\"是\""},{"label":"否","value":"\"否\""}]}],"options0":[{"defaultValue":"0","displayParam":[{"label":"是","value":"1"},{"label":"否","value":"0"}],"displayType":"dropDownSelect","label":"错误继续执行","name":"skip_err","type":"input_value"},{"defaultValue":"200","label":"执行前延时(毫秒)","name":"delay_before","type":"input_value"},{"defaultValue":"200","label":"执行后延时(毫秒)","type":"input_value","name":"delay_after"}]},"type":"TASK_COMPONENT_HEfrOuA1690891381369_1_0_8","version":"1.0.8","category":"task_component","tag":[{"label":"自建组件"},{"label":"流程组件"}],"codeDesc":[{"func":"self.TASK_COMPONENT_HEfrOuA1690891381369_1_0_8","args":["登录账号","登录密码","浏览器类型","是否重启浏览器"],"assignTo":"网页对象"}],"componentMode":[],"releaseTag":3},"model":{"id":"gynqF","label":"1688-登录【待测试】","description":"","shape":"sz-task","createTime":1686565133048,"x":423,"y":635,"width":160,"height":44,"output":"","input":"","useDoc":"","errorVar":"_error","branches":[],"reTryCount":"0","publishVersion":"","blockSourceId":"","arrangementId":"gynqF-flowBlock"},"taskVersion":"1.0.8","componentType":"电脑组件","isCollection":false,"publishVersion":"","blockSourceId":"","createTime":1687932804422,"syncVersion":"","dependencies":{"9edQRcO1689144746824":{"id":"9edQRcO1689144746824","registry":["local"],"name":"业务组件工具包","version":"1.1.0","type":"group"}},"runtimeVersion":"6.7.6.0"}
