{"id":"4UvJBnw1644459475185","name":"【二维表】获取列","version":"6.0.1","author":"","component":{"label":"【二维表】获取列","description":"获取二维表对象中的指定几列","descriptionLinkAddr":"","definition":{"message0":"获取二维表对象$1中指定列$2，输出至：$0","args0":[{"name":"d_object","label":"输出到变量","displayType":"text","defaultValue":"object","propertityDirection":"1","type":"input_value","id":0},{"name":"d_df_input","label":"二维表对象","displayType":"text","defaultValue":"\"\"","propertityDirection":"0","type":"input_value","id":1},{"name":"d_subset","label":"列标签（可传参：列标签列表/列标签）","displayType":"text","defaultValue":"[]","propertityDirection":"0","type":"input_value","id":2},{"name":"d_to_list","label":"输出为列表","displayType":"dropDownSelect","defaultValue":"\"否\"","propertityDirection":"0","type":"input_value","id":3,"displayParam":[{"label":"否","value":"\"否\""},{"label":"是","value":"\"是\""}]}],"options0":[]},"type":"TASK_COMPONENT_4UvJBnw1644459475185_1_0_4","version":"1.0.4","category":"task_component","tag":[{"label":"自建组件"},{"label":"流程组件"}],"codeDesc":[{"func":"self.TASK_COMPONENT_4UvJBnw1644459475185_1_0_4","args":["d_df_input","d_subset","d_to_list"],"assignTo":"d_object"}],"componentMode":["normal"],"releaseTag":3},"model":null,"taskVersion":"1.0.4","componentType":"电脑组件","dependencies":{}}