{"id":"xQzlMLZ1690964823578","name":"唯品会-开放平台-账号登录","version":"","author":"","useDoc":"","component":{"label":"唯品会-开放平台-账号登录","description":"通过账号密码方式登录唯品会-开放平台","descriptionLinkAddr":"","definition":{"message0":"在$3上，通过账号密码方式登录唯品会-开放平台，输出至：$0","args0":[{"name":"网页对象","label":"网页对象","displayType":"text","defaultValue":"网页对象","propertityDirection":"1","isExport":1,"type":"input_value","id":0,"vType":[{"rule":"const","types":[{}]}]},{"name":"登录账号","label":"登录账号","displayType":"text","defaultValue":"\"\"","propertityDirection":"0","isExport":0,"type":"input_value","id":1,"vType":[{"rule":"const","types":["rpa_str"]}]},{"name":"登录密码","label":"登录密码","displayType":"text","defaultValue":"\"\"","propertityDirection":"0","isExport":0,"type":"input_value","id":2,"vType":[{"rule":"const","types":["rpa_str"]}]},{"name":"浏览器类型","label":"浏览器类型","displayType":"dropDownSelect","defaultValue":"\"Chrome浏览器\"","propertityDirection":"0","isExport":0,"type":"input_value","id":3,"displayParam":[{"label":"Chrome浏览器","value":"\"Chrome浏览器\""}]},{"name":"是否重启浏览器","label":"是否重启浏览器","displayType":"dropDownSelect","defaultValue":"\"是\"","propertityDirection":"0","isExport":0,"type":"input_value","id":4,"displayParam":[{"label":"是","value":"\"是\""},{"label":"否","value":"\"否\""}]}],"options0":[]},"type":"TASK_COMPONENT_xQzlMLZ1690964823578_1_0_2","version":"1.0.2","category":"task_component","tag":[{"label":"自建组件"},{"label":"流程组件"}],"codeDesc":[{"func":"self.TASK_COMPONENT_xQzlMLZ1690964823578_1_0_2","args":["登录账号","登录密码","浏览器类型","是否重启浏览器"],"assignTo":"网页对象"}],"componentMode":[],"releaseTag":3},"model":{"id":"ntW3s","label":"唯品会-登录(商家平台)(控制器)","description":"","shape":"sz-task","createTime":1688568508501,"x":225,"y":190,"width":160,"height":44,"output":"","input":"","useDoc":"","errorVar":"_error","branches":[],"reTryCount":"0","publishVersion":"","blockSourceId":"","arrangementId":"ntW3s-flowBlock"},"taskVersion":"1.0.2","componentType":"电脑组件","isCollection":false,"publishVersion":"","blockSourceId":"","createTime":1688569438724,"syncVersion":"","dependencies":{"9edQRcO1689144746824":{"id":"9edQRcO1689144746824","registry":["local"],"name":"业务组件工具包","version":"1.1.0","type":"group"}},"runtimeVersion":"6.7.6.0"}
