{"id":"HEMRat21644391014867","name":"【二维表】读取文件并生成对象","version":"6.0.1","author":"","component":{"label":"【二维表】读取文件并生成对象","description":"读取.xlsx、.xls、.csv格式的文件，并返回二维表对象","descriptionLinkAddr":"","definition":{"message0":"读取表格文件$1，并生成二维表对象，输出至：$0","args0":[{"name":"d_df","label":"输出到变量","displayType":"text","defaultValue":"df","propertityDirection":"1","type":"input_value","id":0},{"name":"d_file_path","label":"文件路径","displayType":"selectFile","defaultValue":"\"\"","propertityDirection":"0","type":"input_value","id":1},{"name":"d_sheet_name","label":"Sheet页名称（可传参：空字符串/Sheet名/索引/None）","displayType":"text","defaultValue":"\"\"","propertityDirection":"0","type":"input_value","id":2},{"name":"d_encoding","label":"编码（提示：.xls、.xlsx文件一般选用utf-8，.csv文件一般选用gb18030）","displayType":"dropDownSelect","defaultValue":"\"utf-8\"","propertityDirection":"0","type":"input_value","id":3,"displayParam":[{"label":"utf-8","value":"\"utf-8\""},{"label":"gb18030","value":"\"gb18030\""},{"label":"gbk","value":"\"gbk\""},{"label":"gb2312","value":"\"gb2312\""}]},{"name":"d_header","label":"从第几行开始读取","displayType":"text","defaultValue":"0","propertityDirection":"0","type":"input_value","id":4},{"name":"d_dtype","label":"数据类型","displayType":"dropDownSelect","defaultValue":"\"对象（object）\"","propertityDirection":"0","type":"input_value","id":5,"displayParam":[{"label":"对象（object）","value":"\"对象（object）\""},{"label":"字符串（str）","value":"\"字符串（str）\""},{"label":"浮点数（float）","value":"\"浮点数（float）\""},{"label":"整数（int）","value":"\"整数（int）\""},{"label":"类别（category）","value":"\"类别（category）\""}]},{"name":"d_usecols","label":"读取指定列","displayType":"text","defaultValue":"[]","propertityDirection":"0","type":"input_value","id":6},{"name":"d_kargs","label":"可选参数","displayType":"text","defaultValue":"{\"index_col\":None,\"skiprows\":None,\"nrows\":None,\"skip_blank_lines\":False}","propertityDirection":"0","type":"input_value","id":7}],"options0":[]},"type":"TASK_COMPONENT_HEMRat21644391014867_1_0_9","version":"1.0.9","category":"task_component","tag":[{"label":"自建组件"},{"label":"流程组件"}],"codeDesc":[{"func":"self.TASK_COMPONENT_HEMRat21644391014867_1_0_9","args":["d_file_path","d_sheet_name","d_encoding","d_header","d_dtype","d_usecols","d_kargs"],"assignTo":"d_df"}],"componentMode":["normal"],"releaseTag":3},"model":null,"taskVersion":"1.0.9","componentType":"电脑组件","dependencies":{}}