{"id":"X1WjYQr1690852019190","stateId":"D6hCiQy1691770309265","groupId":"X1WjYQr1690852019190","introduction":"应用于常用电商平台下的登录操作","description":"<p>应用于常用电商平台下的登录操作</p>","name":"电商平台登录","version":"2.0.0","lastModifyTime":"2023/08/12 00:11:49","registry":[],"isCollection":0,"collectionTime":0,"author":"Aheir","viewSourceCode":true,"orderList":["GLSJir11686572806949","4xY9z551690893299812","kd5case1690895308010","TMMn0HR1690858918021","HEfrOuA1690891381369","BHks3ES1690880938600","WS82uzI1690882110355","Jy4GkJy1690882856095","HBmnIFA1690899433296","GtmSJj31690898342820","gPDnq8z1690943137375","Mg3dkJI1690888621896","hNz55ec1690957065966","0wRLpDU1690961464552","xQzlMLZ1690964823578","lWTFgl01690964854297","ohUpGNK1690901150729","7LjkUjL1690940532627"],"dependencies":{"GLSJir11686572806949":{"stateId":"9vukCa81691770309435","taskComponentId":"GLSJir11686572806949","version":"1.0.11","name":"淘宝-账号登录","message0":"在$3上，通过账号密码方式登录淘宝，输出至：$0","type":"component","descriptionLinkAddr":"","localFullPath":"C:\\Users\\aheir\\AppData\\Roaming\\Z-Factory\\task-component\\components\\9vukCa81691770309435","isCollection":false,"collectionTime":0,"description":"通过账号密码方式登录淘宝","lastModifyTime":"2023/08/12 00:11:49","orderNumber":1,"state":0,"runtimeVersion":"6.7.6.0","id":"GLSJir11686572806949"},"4xY9z551690893299812":{"stateId":"qlgYhI41691770309436","taskComponentId":"4xY9z551690893299812","version":"1.0.0","name":"阿里妈妈-账号登录","message0":"在$3上，通过账号密码方式登录阿里妈妈，输出至：$0","type":"component","descriptionLinkAddr":"","localFullPath":"C:\\Users\\aheir\\AppData\\Roaming\\Z-Factory\\task-component\\components\\qlgYhI41691770309436","isCollection":false,"collectionTime":0,"description":"通过账号密码方式登录阿里妈妈","lastModifyTime":"2023/08/12 00:11:49","orderNumber":2,"state":0,"runtimeVersion":"6.7.6.0","id":"4xY9z551690893299812"},"kd5case1690895308010":{"stateId":"v6VtBLG1691770309437","taskComponentId":"kd5case1690895308010","version":"1.0.14","name":"生意参谋-账号登录","message0":"在$3上，通过账号密码方式登录生意参谋，输出至：$0","type":"component","descriptionLinkAddr":"","localFullPath":"C:\\Users\\aheir\\AppData\\Roaming\\Z-Factory\\task-component\\components\\v6VtBLG1691770309437","isCollection":false,"collectionTime":0,"description":"通过账号密码方式登录生意参谋","lastModifyTime":"2023/08/12 00:11:49","orderNumber":3,"state":0,"runtimeVersion":"6.7.6.0","id":"kd5case1690895308010"},"TMMn0HR1690858918021":{"stateId":"qJeqL1w1691770309438","taskComponentId":"TMMn0HR1690858918021","version":"1.0.5","name":"支付宝-账号登录","message0":"在$3上，通过账号密码方式登录支付宝，输出至：$0","type":"component","descriptionLinkAddr":"","localFullPath":"C:\\Users\\aheir\\AppData\\Roaming\\Z-Factory\\task-component\\components\\qJeqL1w1691770309438","isCollection":false,"collectionTime":0,"description":"通过账号密码方式登录支付宝","lastModifyTime":"2023/08/12 00:11:49","orderNumber":4,"state":0,"runtimeVersion":"6.7.6.0","id":"TMMn0HR1690858918021"},"HEfrOuA1690891381369":{"stateId":"z6aIRRO1691770309439","taskComponentId":"HEfrOuA1690891381369","version":"1.0.8","name":"1688-账号登录","message0":"在$3上，通过账号密码方式登录1688，输出至：$0","type":"component","descriptionLinkAddr":"","localFullPath":"C:\\Users\\aheir\\AppData\\Roaming\\Z-Factory\\task-component\\components\\z6aIRRO1691770309439","isCollection":false,"collectionTime":0,"description":"通过账号密码方式登录1688","lastModifyTime":"2023/08/12 00:11:49","orderNumber":5,"state":0,"runtimeVersion":"6.7.6.0","id":"HEfrOuA1690891381369"},"BHks3ES1690880938600":{"stateId":"CUTcOGQ1691770309440","taskComponentId":"BHks3ES1690880938600","version":"1.0.21","name":"京麦-账号登录","message0":"在$3上，通过账号密码方式登录京麦，输出至：$0","type":"component","descriptionLinkAddr":"","localFullPath":"C:\\Users\\aheir\\AppData\\Roaming\\Z-Factory\\task-component\\components\\CUTcOGQ1691770309440","isCollection":false,"collectionTime":0,"description":"通过账号密码方式登录京麦","lastModifyTime":"2023/08/12 00:11:49","orderNumber":6,"state":0,"runtimeVersion":"6.7.6.0","id":"BHks3ES1690880938600"},"WS82uzI1690882110355":{"stateId":"MgYKAdP1691770309442","taskComponentId":"WS82uzI1690882110355","version":"1.0.0","name":"京准通-账号登录","message0":"在$3上，通过账号密码方式登录京准通，输出至：$0","type":"component","descriptionLinkAddr":"","localFullPath":"C:\\Users\\aheir\\AppData\\Roaming\\Z-Factory\\task-component\\components\\MgYKAdP1691770309442","isCollection":false,"collectionTime":0,"description":"通过账号密码方式登录京准通","lastModifyTime":"2023/08/12 00:11:49","orderNumber":7,"state":0,"runtimeVersion":"6.7.6.0","id":"WS82uzI1690882110355"},"Jy4GkJy1690882856095":{"stateId":"TFakCSG1691770309443","taskComponentId":"Jy4GkJy1690882856095","version":"1.0.1","name":"京东金融-账号登录","message0":"在$3上，通过账号密码方式登录京东金融，输出至：$0","type":"component","descriptionLinkAddr":"","localFullPath":"C:\\Users\\aheir\\AppData\\Roaming\\Z-Factory\\task-component\\components\\TFakCSG1691770309443","isCollection":false,"collectionTime":0,"description":"通过账号密码方式登录京东金融","lastModifyTime":"2023/08/12 00:11:49","orderNumber":8,"state":0,"runtimeVersion":"6.7.6.0","id":"Jy4GkJy1690882856095"},"HBmnIFA1690899433296":{"stateId":"EaEB1po1691770309443","taskComponentId":"HBmnIFA1690899433296","version":"1.0.15","name":"京东商智-商家版-账号登录","message0":"在$3上，通过账号密码方式登录京东商智-商家版，输出至：$0","type":"component","descriptionLinkAddr":"","localFullPath":"C:\\Users\\aheir\\AppData\\Roaming\\Z-Factory\\task-component\\components\\EaEB1po1691770309443","isCollection":false,"collectionTime":0,"description":"通过账号密码方式登录京东商智-商家版","lastModifyTime":"2023/08/12 00:11:49","orderNumber":9,"state":0,"runtimeVersion":"6.7.6.0","id":"HBmnIFA1690899433296"},"GtmSJj31690898342820":{"stateId":"uBrfwR21691770309444","taskComponentId":"GtmSJj31690898342820","version":"1.0.14","name":"京东商智-品牌版-账号登录","message0":"在$3上，通过账号密码方式登录京东商智-品牌版，输出至：$0","type":"component","descriptionLinkAddr":"","localFullPath":"C:\\Users\\aheir\\AppData\\Roaming\\Z-Factory\\task-component\\components\\uBrfwR21691770309444","isCollection":false,"collectionTime":0,"description":"通过账号密码方式登录京东商智-品牌版","lastModifyTime":"2023/08/12 00:11:49","orderNumber":10,"state":0,"runtimeVersion":"6.7.6.0","id":"GtmSJj31690898342820"},"gPDnq8z1690943137375":{"stateId":"z8oG5hw1691770309445","taskComponentId":"gPDnq8z1690943137375","version":"1.0.24","name":"抖店-邮箱登录","message0":"在$3上，通过邮箱密码方式登录抖店，输出至：$0","type":"component","descriptionLinkAddr":"","localFullPath":"C:\\Users\\aheir\\AppData\\Roaming\\Z-Factory\\task-component\\components\\z8oG5hw1691770309445","isCollection":false,"collectionTime":0,"description":"通过邮箱密码方式登录抖店","lastModifyTime":"2023/08/12 00:11:49","orderNumber":11,"state":0,"runtimeVersion":"6.7.6.0","id":"gPDnq8z1690943137375"},"Mg3dkJI1690888621896":{"stateId":"M846PeF1691770309446","taskComponentId":"Mg3dkJI1690888621896","version":"1.0.7","name":"抖店-选择店铺","message0":"在$2上，根据店铺名称$1选择店铺，输出至：$0","type":"component","descriptionLinkAddr":"","localFullPath":"C:\\Users\\aheir\\AppData\\Roaming\\Z-Factory\\task-component\\components\\M846PeF1691770309446","isCollection":false,"collectionTime":0,"description":"根据店铺名称选择店铺","lastModifyTime":"2023/08/12 00:11:49","orderNumber":12,"state":0,"runtimeVersion":"6.7.6.0","id":"Mg3dkJI1690888621896"},"hNz55ec1690957065966":{"stateId":"0GfCKOG1691770309447","taskComponentId":"hNz55ec1690957065966","version":"1.0.25","name":"拼多多-账号登录","message0":"在$3上，通过账号密码方式登录拼多多，输出至：$0","type":"component","descriptionLinkAddr":"","localFullPath":"C:\\Users\\aheir\\AppData\\Roaming\\Z-Factory\\task-component\\components\\0GfCKOG1691770309447","isCollection":false,"collectionTime":0,"description":"通过账号密码方式登录拼多多","lastModifyTime":"2023/08/12 00:11:49","orderNumber":13,"state":0,"runtimeVersion":"6.7.6.0","id":"hNz55ec1690957065966"},"0wRLpDU1690961464552":{"stateId":"03q7cC21691770309448","taskComponentId":"0wRLpDU1690961464552","version":"1.0.1","name":"快手小店-账号登录","message0":"在$3上，通过账号密码方式登录快手小店，输出至：$0","type":"component","descriptionLinkAddr":"","localFullPath":"C:\\Users\\aheir\\AppData\\Roaming\\Z-Factory\\task-component\\components\\03q7cC21691770309448","isCollection":false,"collectionTime":0,"description":"通过账号密码方式登录快手小店","lastModifyTime":"2023/08/12 00:11:49","orderNumber":14,"state":0,"runtimeVersion":"6.7.6.0","id":"0wRLpDU1690961464552"},"xQzlMLZ1690964823578":{"stateId":"Wc12vNh1691770309449","taskComponentId":"xQzlMLZ1690964823578","version":"1.0.2","name":"唯品会-开放平台-账号登录","message0":"在$3上，通过账号密码方式登录唯品会-开放平台，输出至：$0","type":"component","descriptionLinkAddr":"","localFullPath":"C:\\Users\\aheir\\AppData\\Roaming\\Z-Factory\\task-component\\components\\Wc12vNh1691770309449","isCollection":false,"collectionTime":0,"description":"通过账号密码方式登录唯品会-开放平台","lastModifyTime":"2023/08/12 00:11:49","orderNumber":15,"state":0,"runtimeVersion":"6.7.6.0","id":"xQzlMLZ1690964823578"},"lWTFgl01690964854297":{"stateId":"XZP4BwA1691770309450","taskComponentId":"lWTFgl01690964854297","version":"1.0.10","name":"唯品会-供应商平台-账号登录","message0":"在$3上，通过账号密码方式登录唯品会-供应商平台，输出至：$0","type":"component","descriptionLinkAddr":"","localFullPath":"C:\\Users\\aheir\\AppData\\Roaming\\Z-Factory\\task-component\\components\\XZP4BwA1691770309450","isCollection":false,"collectionTime":0,"description":"通过账号密码方式登录唯品会-供应商平台","lastModifyTime":"2023/08/12 00:11:49","orderNumber":16,"state":0,"runtimeVersion":"6.7.6.0","id":"lWTFgl01690964854297"},"ohUpGNK1690901150729":{"stateId":"Zdu46p21691770309451","taskComponentId":"ohUpGNK1690901150729","version":"1.0.8","name":"有赞-账号登录","message0":"在$3上，通过账号密码方式登录有赞，输出至：$0","type":"component","descriptionLinkAddr":"","localFullPath":"C:\\Users\\aheir\\AppData\\Roaming\\Z-Factory\\task-component\\components\\Zdu46p21691770309451","isCollection":false,"collectionTime":0,"description":"通过账号密码方式登录有赞","lastModifyTime":"2023/08/12 00:11:49","orderNumber":17,"state":0,"runtimeVersion":"6.7.6.0","id":"ohUpGNK1690901150729"},"7LjkUjL1690940532627":{"stateId":"1V5ugKQ1691770309451","taskComponentId":"7LjkUjL1690940532627","version":"1.0.4","name":"有赞-选择店铺","message0":"在$2上，根据店铺名称$1选择店铺，输出至：$0","type":"component","descriptionLinkAddr":"","localFullPath":"C:\\Users\\aheir\\AppData\\Roaming\\Z-Factory\\task-component\\components\\1V5ugKQ1691770309451","isCollection":false,"collectionTime":0,"description":"根据店铺名称选择店铺","lastModifyTime":"2023/08/12 00:11:49","orderNumber":18,"state":0,"runtimeVersion":"6.7.6.0","id":"7LjkUjL1690940532627"}}}