{"id":"V3TTbbB1644397667848","name":"【二维表】获取行、列标签","version":"6.0.1","author":"","component":{"label":"【二维表】获取行、列标签","description":"从二维表对象中，获取行、列标签","descriptionLinkAddr":"","definition":{"message0":"从二维表对象$1中，获取$2，输出至：$0","args0":[{"name":"d_array","label":"输出到变量","displayType":"text","defaultValue":"array","propertityDirection":"1","type":"input_value","id":0},{"name":"d_df_input","label":"二维表对象","displayType":"text","defaultValue":"\"\"","propertityDirection":"0","type":"input_value","id":1},{"name":"d_witch_type","label":"读取方式","displayType":"dropDownSelect","defaultValue":"\"行标签\"","propertityDirection":"0","type":"input_value","id":2,"displayParam":[{"label":"行标签","value":"\"行标签\""},{"label":"列标签","value":"\"列标签\""}]},{"name":"d_print","label":"打印日志","displayType":"dropDownSelect","defaultValue":"\"否\"","propertityDirection":"0","type":"input_value","id":3,"displayParam":[{"label":"否","value":"\"否\""},{"label":"是","value":"\"是\""}]}],"options0":[]},"type":"TASK_COMPONENT_V3TTbbB1644397667848_1_0_3","version":"1.0.3","category":"task_component","tag":[{"label":"自建组件"},{"label":"流程组件"}],"codeDesc":[{"func":"self.TASK_COMPONENT_V3TTbbB1644397667848_1_0_3","args":["d_df_input","d_witch_type","d_print"],"assignTo":"d_array"}],"componentMode":["normal"],"releaseTag":3},"model":null,"taskVersion":"1.0.3","componentType":"电脑组件","dependencies":{}}