{"id":"cXaU1AR1645340474020","name":"【二维表】列汇总、计算","version":"6.0.1","author":"","component":{"label":"【二维表】列汇总、计算","description":"对二维表对象进行汇总/计算","descriptionLinkAddr":"","definition":{"message0":"对二维表对象$1中列$2汇总/计算$3，输出至：$0","args0":[{"name":"d_object","label":"输出到变量","displayType":"text","defaultValue":"object","propertityDirection":"1","type":"input_value","id":0},{"name":"d_df_input","label":"二维表对象","displayType":"text","defaultValue":"\"\"","propertityDirection":"0","type":"input_value","id":1},{"name":"d_columns","label":"待汇总/计算列","displayType":"text","defaultValue":"\"\"","propertityDirection":"0","type":"input_value","id":2},{"name":"d_type","label":"待汇总/计算操作","displayType":"dropDownSelect","defaultValue":"\"求和（sum）\"","propertityDirection":"0","type":"input_value","id":3,"displayParam":[{"label":"求和（sum）","value":"\"求和（sum）\""},{"label":"均值（mean）","value":"\"均值（mean）\""},{"label":"计数（count）","value":"\"计数（count）\""},{"label":"最小值（min）","value":"\"最小值（min）\""},{"label":"最大值（max）","value":"\"最大值（max）\""},{"label":"中位数（median）","value":"\"中位数（median）\""},{"label":"方差（std）","value":"\"方差（std）\""},{"label":"标准差（var）","value":"\"标准差（var）\""}]},{"name":"d_dtype","label":"数据类型转化","displayType":"dropDownSelect","defaultValue":"\"浮点数（float）\"","propertityDirection":"0","type":"input_value","id":4,"displayParam":[{"label":"浮点数（float）","value":"\"浮点数（float）\""},{"label":"整数（int）","value":"\"整数（int）\""}]}],"options0":[]},"type":"TASK_COMPONENT_cXaU1AR1645340474020_1_0_6","version":"1.0.6","category":"task_component","tag":[{"label":"自建组件"},{"label":"流程组件"}],"codeDesc":[{"func":"self.TASK_COMPONENT_cXaU1AR1645340474020_1_0_6","args":["d_df_input","d_columns","d_type","d_dtype"],"assignTo":"d_object"}],"componentMode":["normal"],"releaseTag":3},"model":null,"taskVersion":"1.0.6","componentType":"电脑组件","dependencies":{}}