{"id":"Rr4Pw1w1644651854194","name":"【二维表】写入文件","version":"6.0.1","author":"","component":{"label":"【二维表】写入文件","description":"将二维表对象写入文件中","descriptionLinkAddr":"","definition":{"message0":"将二维表对象$0写入文件路径$1的$2Sheet页中","args0":[{"name":"d_df_input","label":"二维表对象","displayType":"text","defaultValue":"\"\"","propertityDirection":"0","type":"input_value","id":0},{"name":"d_file_path","label":"文件路径","displayType":"selectFile","defaultValue":"\"\"","propertityDirection":"0","type":"input_value","id":1,"displayParam":[{"label":"是","value":"\"是\""},{"label":"否","value":"\"否\""}]},{"name":"d_sheet_name","label":"Sheet页名称（提示：.csv文件无需填写）","displayType":"text","defaultValue":"\"\"","propertityDirection":"0","type":"input_value","id":2},{"name":"d_has_index","label":"是否写入行标签","displayType":"dropDownSelect","defaultValue":"\"否\"","propertityDirection":"0","type":"input_value","id":3,"displayParam":[{"label":"否","value":"\"否\""},{"label":"是","value":"\"是\""}]},{"name":"d_has_header","label":"是否写入列标签","displayType":"dropDownSelect","defaultValue":"\"是\"","propertityDirection":"0","type":"input_value","id":4,"displayParam":[{"label":"是","value":"\"是\""},{"label":"否","value":"\"否\""}]}],"options0":[]},"type":"TASK_COMPONENT_Rr4Pw1w1644651854194_1_0_9","version":"1.0.9","category":"task_component","tag":[{"label":"自建组件"},{"label":"流程组件"}],"codeDesc":[{"func":"self.TASK_COMPONENT_Rr4Pw1w1644651854194_1_0_9","args":["d_df_input","d_file_path","d_sheet_name","d_has_index","d_has_header"],"assignTo":""}],"componentMode":["normal"],"releaseTag":3},"model":null,"taskVersion":"1.0.9","componentType":"电脑组件","dependencies":{}}