{"id":"7cNwXVu1640439200954","name":"Excel二维表空值填充处理","version":"5.9.7","author":"","component":{"label":"Excel二维表空值填充处理","description":"","descriptionLinkAddr":"https://blog.csdn.net/qq_17753903/article/details/89817371","definition":{"message0":"Excel二维表对象 $1 中，$2 $3 $4，保存数据至：$0","args0":[{"name":"d_return_data","label":"保存数据至","displayType":"text","defaultValue":"objRet","propertityDirection":"0","type":"input_value","id":0},{"name":"d_df","label":"二维表对象","displayType":"text","defaultValue":"\"\"","propertityDirection":"0","type":"input_value","id":1},{"name":"d_axis","label":"填充方式","displayType":"dropDownSelect","defaultValue":"\"行\"","propertityDirection":"0","type":"input_value","id":2,"displayParam":[{"label":"行","value":"\"行\""},{"label":"列","value":"\"列\""}]},{"name":"d_method","label":"填空方式","displayType":"dropDownSelect","defaultValue":"\"向后填充\"","propertityDirection":"0","type":"input_value","id":3,"displayParam":[{"label":"向后填充","value":"\"向后填充\""},{"label":"向前填充","value":"\"向前填充\""},{"label":"用值填充","value":"\"用值填充\""}]},{"name":"d_value","label":"填充值（可传：字符串/字典）","displayType":"text","defaultValue":"\"\"","propertityDirection":"0","type":"input_value","id":4}],"options0":[]},"type":"TASK_COMPONENT_7cNwXVu1640439200954_1_0_10","version":"1.0.10","category":"task_component","tag":[{"label":"自建组件"},{"label":"流程组件"}],"codeDesc":[{"func":"self.TASK_COMPONENT_7cNwXVu1640439200954_1_0_10","args":["d_return_data","d_df","d_axis","d_method","d_value"],"assignTo":""}],"componentMode":["normal"],"releaseTag":3},"model":null,"taskVersion":"1.0.10","componentType":"电脑组件","dependencies":{}}