{"id":"U40MhzT1645977943966","name":"【二维表】列正则提取（extract)","version":"6.0.1","author":"","component":{"label":"【二维表】列正则提取（extract)","description":"对二维表对象中一列进行正则提取","descriptionLinkAddr":"","definition":{"message0":"对二维表对象$1中列$2进行正则提取，赋值给列$4，输出到：$0","args0":[{"name":"d_df","label":"输出到变量","displayType":"text","defaultValue":"df","propertityDirection":"1","type":"input_value","id":0},{"name":"d_df_input","label":"二维表对象","displayType":"text","defaultValue":"\"\"","propertityDirection":"0","type":"input_value","id":1},{"name":"d_col","label":"待提取列","displayType":"text","defaultValue":"\"\"","propertityDirection":"0","type":"input_value","id":2},{"name":"d_regular","label":"正则表达式","displayType":"text","defaultValue":"\"\"","propertityDirection":"0","type":"input_value","id":3},{"name":"d_add","label":"新增列","displayType":"text","defaultValue":"\"\"","propertityDirection":"0","type":"input_value","id":4},{"name":"d_idx","label":"指定索引","displayType":"text","defaultValue":"0","propertityDirection":"0","type":"input_value","id":5},{"name":"d_default","label":"错误值填充","displayType":"text","defaultValue":"\"\"","propertityDirection":"0","type":"input_value","id":6}],"options0":[]},"type":"TASK_COMPONENT_U40MhzT1645977943966_1_0_4","version":"1.0.4","category":"task_component","tag":[{"label":"自建组件"},{"label":"流程组件"}],"codeDesc":[{"func":"self.TASK_COMPONENT_U40MhzT1645977943966_1_0_4","args":["d_df_input","d_col","d_regular","d_add","d_idx","d_default"],"assignTo":"d_df"}],"componentMode":["normal"],"releaseTag":3},"model":null,"taskVersion":"1.0.4","componentType":"电脑组件","dependencies":{}}