{"id":"hBYPRLB1646011117988","name":"【二维表】列字符替换（replace）","version":"6.0.1","author":"","component":{"label":"【二维表】列字符替换（replace）","description":"对二维表对象中一列进行字符替换","descriptionLinkAddr":"","definition":{"message0":"对二维表对象$1中列$2进行字符替换，赋值给列$5，输出到：$0","args0":[{"name":"d_df","label":"输出到变量","displayType":"text","defaultValue":"df","propertityDirection":"1","type":"input_value","id":0},{"name":"d_df_input","label":"二维表对象","displayType":"text","defaultValue":"\"\"","propertityDirection":"0","type":"input_value","id":1},{"name":"d_col","label":"待替换列","displayType":"text","defaultValue":"\"\"","propertityDirection":"0","type":"input_value","id":2},{"name":"d_regular_a","label":"替换前字符（可传参：字符串/正则表达式）","displayType":"text","defaultValue":"\"\"","propertityDirection":"0","type":"input_value","id":3},{"name":"d_regular_b","label":"替换后字符（可传参：字符串/自定义函数）","displayType":"text","defaultValue":"\"\"","propertityDirection":"0","type":"input_value","id":4},{"name":"d_add","label":"新增列","displayType":"text","defaultValue":"\"\"","propertityDirection":"0","type":"input_value","id":5}],"options0":[]},"type":"TASK_COMPONENT_hBYPRLB1646011117988_1_0_3","version":"1.0.3","category":"task_component","tag":[{"label":"自建组件"},{"label":"流程组件"}],"codeDesc":[{"func":"self.TASK_COMPONENT_hBYPRLB1646011117988_1_0_3","args":["d_df_input","d_col","d_regular_a","d_regular_b","d_add"],"assignTo":"d_df"}],"componentMode":["normal"],"releaseTag":3},"model":null,"taskVersion":"1.0.3","componentType":"电脑组件","dependencies":{}}