{"id":"cQRZ2oQ1644631209339","name":"【二维表】获取重复行","version":"6.0.1","author":"","component":{"label":"【二维表】获取重复行","description":"获取二维表对象中的重复行","descriptionLinkAddr":"","definition":{"message0":"获取二维表对象$1中的列$2重复的行，输出至：$0","args0":[{"name":"d_df","label":"输出到变量","displayType":"text","defaultValue":"df","propertityDirection":"1","type":"input_value","id":0},{"name":"d_df_input","label":"二维表对象","displayType":"text","defaultValue":"\"\"","propertityDirection":"0","type":"input_value","id":1},{"name":"d_columns","label":"有重复数据的列（选填：为空列表时对整个二维表生效）","displayType":"text","defaultValue":"[]","propertityDirection":"0","type":"input_value","id":2}],"options0":[]},"type":"TASK_COMPONENT_cQRZ2oQ1644631209339_1_0_1","version":"1.0.1","category":"task_component","tag":[{"label":"自建组件"},{"label":"流程组件"}],"codeDesc":[{"func":"self.TASK_COMPONENT_cQRZ2oQ1644631209339_1_0_1","args":["d_df_input","d_columns"],"assignTo":"d_df"}],"componentMode":["normal"],"releaseTag":3},"model":null,"taskVersion":"1.0.1","componentType":"电脑组件","dependencies":{}}