{"id":"azbhD5Z1644561006059","name":"【二维表】修改行、列标签","version":"6.0.1","author":"","component":{"label":"【二维表】修改行、列标签","description":"修改二维表对象的行或列标签","descriptionLinkAddr":"","definition":{"message0":"修改二维表对象$1的行标签$2、列标签$3，输出至：$0","args0":[{"name":"d_df","label":"输出到变量","displayType":"text","defaultValue":"df","propertityDirection":"1","type":"input_value","id":0},{"name":"d_df_input","label":"二维表对象","displayType":"text","defaultValue":"\"\"","propertityDirection":"0","type":"input_value","id":1},{"name":"d_index","label":"行标签（可传参：字典/列表/lambda表达式）（示例1：{\"行标签A\":\"行标签B\"}）（示例2：[\"行标签A\",\"行标签C\"]）","displayType":"text","defaultValue":"{}","propertityDirection":"0","type":"input_value","id":2},{"name":"d_columns","label":"列标签（可传参：字典/列表/lambda表达式）（示例1：{\"列标签A\":\"列标签B\"}）（示例2：[\"列标签A\",\"列标签C\"]）","displayType":"text","defaultValue":"{}","propertityDirection":"0","type":"input_value","id":3}],"options0":[]},"type":"TASK_COMPONENT_azbhD5Z1644561006059_1_0_7","version":"1.0.7","category":"task_component","tag":[{"label":"自建组件"},{"label":"流程组件"}],"codeDesc":[{"func":"self.TASK_COMPONENT_azbhD5Z1644561006059_1_0_7","args":["d_df_input","d_index","d_columns"],"assignTo":"d_df"}],"componentMode":["normal"],"releaseTag":3},"model":null,"taskVersion":"1.0.7","componentType":"电脑组件","dependencies":{}}