{"isNewProject":true,"componentsNum":0,"hasGlobalConfig":false,"triggerRequired":false,"dependencies":{"UCpzEwB1644375006527":{"id":"UCpzEwB1644375006527","registry":"export","name":"数据能力拓展","version":"1.0.198","type":"group"}},"taskDataList":[],"id":"dgIEKjp6cr","packageName":"抓取四打板块 副本1","description":"","projectMode":"normal","version":"0.0.1","date":"Wed Nov 08 2023","icon":"","authorId":"101485","author":"15070293421","factoryVersion":"6.8.0","runtimeVersion":"6.8.0.6","isAllowNewEdit":true,"supportVersion":"6.8.0","supportPatch":"6"}
