{"id":"jchYv6e1645957408825","name":"【二维表】列拼接","version":"6.0.1","author":"","component":{"label":"【二维表】列拼接","description":"将二维表对象中两列进行字符串形式的拼接","descriptionLinkAddr":"","definition":{"message0":"将二维表对象$1中列$2和列$3以字符串形式拼接，赋值给列$5，输出至：$0","args0":[{"name":"d_df","label":"输出到变量","displayType":"text","defaultValue":"df","propertityDirection":"1","type":"input_value","id":0},{"name":"d_df_input","label":"二维表对象","displayType":"text","defaultValue":"\"\"","propertityDirection":"0","type":"input_value","id":1},{"name":"d_col_a","label":"待拼接列A","displayType":"text","defaultValue":"\"\"","propertityDirection":"0","type":"input_value","id":2},{"name":"d_col_b","label":"待拼接列B","displayType":"text","defaultValue":"\"\"","propertityDirection":"0","type":"input_value","id":3},{"name":"d_sep","label":"分隔符","displayType":"text","defaultValue":"\"\"","propertityDirection":"0","type":"input_value","id":4},{"name":"d_add","label":"新增列","displayType":"text","defaultValue":"\"\"","propertityDirection":"0","type":"input_value","id":5}],"options0":[]},"type":"TASK_COMPONENT_jchYv6e1645957408825_1_0_1","version":"1.0.1","category":"task_component","tag":[{"label":"自建组件"},{"label":"流程组件"}],"codeDesc":[{"func":"self.TASK_COMPONENT_jchYv6e1645957408825_1_0_1","args":["d_df_input","d_col_a","d_col_b","d_sep","d_add"],"assignTo":"d_df"}],"componentMode":["normal"],"releaseTag":3},"model":null,"taskVersion":"1.0.1","componentType":"电脑组件","dependencies":{}}