{"id":"tAN7uUZ1640275763091","name":"读取Excel二维表对象内容（条件）","version":"5.9.7","author":"","component":{"label":"读取Excel二维表对象内容（条件）","description":"自建组件","descriptionLinkAddr":"https://www.gairuo.com/p/pandas-selecting-data","definition":{"message0":"从Excel二维表对象$1中，筛选表达式$2，列名称$3，保存数据至：$0","args0":[{"name":"d_return_data","label":"保存数据至","displayType":"text","defaultValue":"objRet","propertityDirection":"1","type":"input_value","id":0},{"name":"d_df","label":"Excel二维表对象","displayType":"text","defaultValue":"\"\"","propertityDirection":"0","type":"input_value","id":1},{"name":"d_filter_condition","label":"筛选表达式（Query）","displayType":"text","defaultValue":"'(姓名 == [\"小明\",\"小红\"]) and (期中 > 20)'","propertityDirection":"0","type":"input_value","id":2},{"name":"d_columns","label":"筛选显示列名称（可选）","displayType":"text","defaultValue":"['姓名','科目']","propertityDirection":"0","type":"input_value","id":3}],"options0":[]},"type":"TASK_COMPONENT_tAN7uUZ1640275763091_1_0_4","version":"1.0.4","category":"task_component","tag":[{"label":"自建组件"},{"label":"流程组件"}],"codeDesc":[{"func":"self.TASK_COMPONENT_tAN7uUZ1640275763091_1_0_4","args":["d_df","d_filter_condition","d_columns"],"assignTo":"d_return_data"}],"componentMode":["normal"],"releaseTag":3},"model":null,"taskVersion":"1.0.4","componentType":"电脑组件","dependencies":{}}