{"id":"6mvZyYb1644570753912","name":"【二维表】获取Excel文件Sheet名称","version":"6.0.1","author":"","component":{"label":"【二维表】获取Excel文件Sheet名称","description":"从二维表对象中，获取sheet名称","descriptionLinkAddr":"","definition":{"message0":"获取Excel文件$1中索引/关键词为$2的的Sheet名称，输出至：$0","args0":[{"name":"d_object","label":"输出到变量","displayType":"text","defaultValue":"object","propertityDirection":"1","type":"input_value","id":0},{"name":"d_file_path","label":"文件路径","displayType":"selectFile","defaultValue":"\"\"","propertityDirection":"0","type":"input_value","id":1},{"name":"d_location","label":"索引/关键词（提示：为空时返回所有sheet名称）","displayType":"text","defaultValue":"\"\"","propertityDirection":"0","type":"input_value","id":2},{"name":"d_print","label":"打印日志","displayType":"dropDownSelect","defaultValue":"\"否\"","propertityDirection":"0","type":"input_value","id":3,"displayParam":[{"label":"否","value":"\"否\""},{"label":"是","value":"\"是\""}]}],"options0":[]},"type":"TASK_COMPONENT_6mvZyYb1644570753912_1_0_2","version":"1.0.2","category":"task_component","tag":[{"label":"自建组件"},{"label":"流程组件"}],"codeDesc":[{"func":"self.TASK_COMPONENT_6mvZyYb1644570753912_1_0_2","args":["d_file_path","d_location","d_print"],"assignTo":"d_object"}],"componentMode":["normal"],"releaseTag":3},"model":null,"taskVersion":"1.0.2","componentType":"电脑组件","dependencies":{}}