{"id":"GnVdHA01644412771378","name":"【二维表】移除缺失值（NaN）所在行、列","version":"6.0.1","author":"","component":{"label":"【二维表】移除缺失值（NaN）所在行、列","description":"移除二维表对象中有缺失值或所有值是缺失值的行或列","descriptionLinkAddr":"","definition":{"message0":"从二维表对象$1中，移除指定行、列$4中$3的$2，输出至：$0","args0":[{"name":"d_df","label":"输出到变量","displayType":"text","defaultValue":"df","propertityDirection":"1","type":"input_value","id":0},{"name":"d_df_input","label":"二维表对象","displayType":"text","defaultValue":"\"\"","propertityDirection":"0","type":"input_value","id":1,"displayParam":[{"label":"\"\"","value":"\"\"\"\""}]},{"name":"d_drop_axis","label":"移除方向","displayType":"dropDownSelect","defaultValue":"\"行\"","propertityDirection":"0","type":"input_value","id":2,"displayParam":[{"label":"行","value":"\"行\""},{"label":"列","value":"\"列\""}]},{"name":"d_how","label":"移除条件","displayType":"dropDownSelect","defaultValue":"\"有缺失值\"","propertityDirection":"0","type":"input_value","id":3,"displayParam":[{"label":"有缺失值","value":"\"有缺失值\""},{"label":"所有值是缺失值","value":"\"所有值是缺失值\""}]},{"name":"d_subset","label":"指定行、列","displayType":"text","defaultValue":"[]","propertityDirection":"0","type":"input_value","id":4}],"options0":[]},"type":"TASK_COMPONENT_GnVdHA01644412771378_1_0_2","version":"1.0.2","category":"task_component","tag":[{"label":"自建组件"},{"label":"流程组件"}],"codeDesc":[{"func":"self.TASK_COMPONENT_GnVdHA01644412771378_1_0_2","args":["d_df_input","d_drop_axis","d_how","d_subset"],"assignTo":"d_df"}],"componentMode":["normal"],"releaseTag":3},"model":null,"taskVersion":"1.0.2","componentType":"电脑组件","dependencies":{}}