{"id":"zftDH2k1646018501505","name":"【二维表】插入行","version":"6.0.1","author":"","component":{"label":"【二维表】插入行","description":"在二维表对象中指定位置插入一行","descriptionLinkAddr":"","definition":{"message0":"在二维表对象中$1位置$3新增一行，写入数据$2，输出到：$0","args0":[{"name":"d_df","label":"输出到变量","displayType":"text","defaultValue":"df","propertityDirection":"1","type":"input_value","id":0},{"name":"d_df_input","label":"二维表对象","displayType":"text","defaultValue":"\"\"","propertityDirection":"0","type":"input_value","id":1},{"name":"d_data","label":"插入数据（可传参：列表/字符串/数值）","displayType":"text","defaultValue":"[]","propertityDirection":"0","type":"input_value","id":3},{"name":"d_idx","label":"插入位置","displayType":"text","defaultValue":"-1","propertityDirection":"0","type":"input_value","id":4},{"name":"d_reset_index","label":"重置行标签","displayType":"dropDownSelect","defaultValue":"\"是\"","propertityDirection":"0","type":"input_value","id":5,"displayParam":[{"label":"是","value":"\"是\""},{"label":"否","value":"\"否\""}]}],"options0":[]},"type":"TASK_COMPONENT_zftDH2k1646018501505_1_0_9","version":"1.0.9","category":"task_component","tag":[{"label":"自建组件"},{"label":"流程组件"}],"codeDesc":[{"func":"self.TASK_COMPONENT_zftDH2k1646018501505_1_0_9","args":["d_df_input","d_data","d_idx","d_reset_index"],"assignTo":"d_df"}],"componentMode":["normal"],"releaseTag":3},"model":null,"taskVersion":"1.0.9","componentType":"电脑组件","dependencies":{}}