{"id":"QL1aIo81644632597122","name":"【二维表】拼接","version":"6.0.1","author":"","component":{"label":"【二维表】拼接","description":"拼接多个二维表对象","descriptionLinkAddr":"","definition":{"message0":"将多个二维表对象$1按$2进行$3拼接，输出至：$0","args0":[{"name":"d_df","label":"输出到变量","displayType":"text","defaultValue":"df","propertityDirection":"1","type":"input_value","id":0},{"name":"d_df_list","label":"二维表对象列表","displayType":"text","defaultValue":"[]","propertityDirection":"0","type":"input_value","id":1},{"name":"d_axis","label":"拼接方向（提示：\"行\"表示上下拼接，\"列\"表示左右拼接）","displayType":"dropDownSelect","defaultValue":"\"行\"","propertityDirection":"0","type":"input_value","id":2,"displayParam":[{"label":"行","value":"\"行\""},{"label":"列","value":"\"列\""}]},{"name":"d_type","label":"拼接方式","displayType":"dropDownSelect","defaultValue":"\"并集\"","propertityDirection":"0","type":"input_value","id":3,"displayParam":[{"label":"并集","value":"\"并集\""},{"label":"交集","value":"\"交集\""}]},{"name":"d_reset_index","label":"重置行标签","displayType":"dropDownSelect","defaultValue":"\"是\"","propertityDirection":"0","type":"input_value","id":4,"displayParam":[{"label":"是","value":"\"是\""},{"label":"否","value":"\"否\""}]}],"options0":[]},"type":"TASK_COMPONENT_QL1aIo81644632597122_1_0_7","version":"1.0.7","category":"task_component","tag":[{"label":"自建组件"},{"label":"流程组件"}],"codeDesc":[{"func":"self.TASK_COMPONENT_QL1aIo81644632597122_1_0_7","args":["d_df_list","d_axis","d_type","d_reset_index"],"assignTo":"d_df"}],"componentMode":["normal"],"releaseTag":3},"model":null,"taskVersion":"1.0.7","componentType":"电脑组件","dependencies":{}}