{"id":"bzEhzQs1649342687183","name":"【二维表】列填充","version":"6.0.1","author":"","component":{"label":"【二维表】列填充","description":"将二维表对象中列中指定值填充为另一列的值","descriptionLinkAddr":"","definition":{"message0":"将二维表对象$1中列$2中值填充为列$5中同一行数据，输出至：$0","args0":[{"name":"d_df","label":"输出到变量","displayType":"text","defaultValue":"df","propertityDirection":"1","type":"input_value","id":0},{"name":"d_df_input","label":"二维表对象","displayType":"text","defaultValue":"\"\"","propertityDirection":"0","type":"input_value","id":1},{"name":"d_col_to","label":"待填充列","displayType":"text","defaultValue":"\"\"","propertityDirection":"0","type":"input_value","id":2},{"name":"d_type","label":"填充方式","displayType":"dropDownSelect","defaultValue":"\"等于\"","propertityDirection":"0","type":"input_value","id":3,"displayParam":[{"label":"等于","value":"\"等于\""},{"label":"包含","value":"\"包含\""},{"label":"开头为","value":"\"开头为\""},{"label":"结束为","value":"\"结束为\""}]},{"name":"d_value","label":"待填充值","displayType":"text","defaultValue":"\"\"","propertityDirection":"0","type":"input_value","id":4},{"name":"d_col_from","label":"数据源列","displayType":"text","defaultValue":"\"\"","propertityDirection":"0","type":"input_value","id":5}],"options0":[]},"type":"TASK_COMPONENT_bzEhzQs1649342687183_1_0_1","version":"1.0.1","category":"task_component","tag":[{"label":"自建组件"},{"label":"流程组件"}],"codeDesc":[{"func":"self.TASK_COMPONENT_bzEhzQs1649342687183_1_0_1","args":["d_df_input","d_col_to","d_type","d_value","d_col_from"],"assignTo":"d_df"}],"componentMode":["normal"],"releaseTag":3},"model":null,"taskVersion":"1.0.1","componentType":"电脑组件","dependencies":{}}