{"id":"7LjkUjL1690940532627","name":"有赞-选择店铺","version":"6.7.0","author":"","component":{"label":"有赞-选择店铺","description":"根据店铺名称选择店铺","descriptionLinkAddr":"","definition":{"message0":"在$2上，根据店铺名称$1选择店铺，输出至：$0","args0":[{"name":"网页对象","label":"网页对象","displayType":"text","defaultValue":"网页对象","propertityDirection":"1","isExport":1,"type":"input_value","id":0,"vType":[{"rule":"const","types":[{}]}]},{"name":"店铺名称","label":"店铺名称","displayType":"text","defaultValue":"\"\"","propertityDirection":"0","isExport":0,"type":"input_value","tip":"","id":1,"vType":[{"rule":"const","types":["rpa_str"]}]},{"name":"浏览器类型","label":"浏览器类型","displayType":"dropDownSelect","defaultValue":"\"Chrome浏览器\"","propertityDirection":"0","isExport":0,"type":"input_value","id":2,"displayParam":[{"label":"Chrome浏览器","value":"\"Chrome浏览器\""}]}],"options0":[{"defaultValue":"0","displayParam":[{"label":"是","value":"1"},{"label":"否","value":"0"}],"displayType":"dropDownSelect","label":"错误继续执行","name":"skip_err","type":"input_value"},{"defaultValue":"200","label":"执行前延时(毫秒)","name":"delay_before","type":"input_value"},{"defaultValue":"200","label":"执行后延时(毫秒)","type":"input_value","name":"delay_after"}]},"type":"TASK_COMPONENT_7LjkUjL1690940532627_1_0_4","version":"1.0.4","category":"task_component","tag":[{"label":"自建组件"},{"label":"流程组件"}],"codeDesc":[{"func":"self.TASK_COMPONENT_7LjkUjL1690940532627_1_0_4","args":["店铺名称","浏览器类型"],"assignTo":"网页对象"}],"componentMode":["normal"],"releaseTag":3},"model":null,"taskVersion":"1.0.4","componentType":"电脑组件","isCollection":false,"syncVersion":"","publishVersion":"","blockSourceId":"","createTime":1686539683890,"dependencies":{"9edQRcO1689144746824":{"id":"9edQRcO1689144746824","registry":["local"],"name":"业务组件工具包","version":"1.1.0","type":"group"}},"useDoc":"","runtimeVersion":"6.7.6.0"}
