{"id":"9edQRcO1689144746824","stateId":"N3yd8wV1689227790172","groupId":"9edQRcO1689144746824","introduction":"业务组件工具包","description":"","name":"业务组件工具包","version":"1.1.0","lastModifyTime":"2023/07/27 17:06:06","registry":["local"],"isCollection":0,"collectionTime":0,"author":"艾尔","viewSourceCode":true,"orderList":["8oyktIY1689672880582","9dUebuP1689144787606","04OvED61689144908398","STAD3m61689155031909"],"dependencies":{"8oyktIY1689672880582":{"stateId":"fQvBYhy1689672880582","taskComponentId":"8oyktIY1689672880582","version":"1.1.0","name":"组件所需第三方库导入","message0":"将组件根目录/extend下的第三方库导入，输出至：$0","type":"component","descriptionLinkAddr":"","localFullPath":"C:\\Users\\EDY\\AppData\\Roaming\\Z-Factory\\task-component\\components\\fQvBYhy1689672880582","isCollection":false,"collectionTime":1689672880582,"description":"将组件根目录/extend下的第三方库导入","lastModifyTime":"2023/07/27 17:06:06","orderNumber":1,"state":1,"runtimeVersion":"6.7.6.0","id":"8oyktIY1689672880582"},"9dUebuP1689144787606":{"stateId":"FW3NG7w1689227806070","taskComponentId":"9dUebuP1689144787606","version":"1.1.0","name":"组件执行结果上报","message0":"组件执行结果上报至监控平台，输出至：$0","type":"component","descriptionLinkAddr":"","localFullPath":"C:\\Users\\EDY\\AppData\\Roaming\\Z-Factory\\task-component\\components\\FW3NG7w1689227806070","isCollection":false,"collectionTime":1689227806070,"description":"组件执行结果上报至监控平台","lastModifyTime":"2023/07/27 17:06:06","orderNumber":2,"state":1,"runtimeVersion":"6.7.6.0","id":"9dUebuP1689144787606"},"04OvED61689144908398":{"stateId":"tAslg4I1689227806203","taskComponentId":"04OvED61689144908398","version":"1.1.0","name":"组件执行抛出异常","message0":"抛出错误码$0对应的信息","type":"component","descriptionLinkAddr":"","localFullPath":"C:\\Users\\EDY\\AppData\\Roaming\\Z-Factory\\task-component\\components\\tAslg4I1689227806203","isCollection":false,"collectionTime":1689227806203,"description":"抛出错误码对应的信息","lastModifyTime":"2023/07/27 17:06:06","orderNumber":3,"state":1,"runtimeVersion":"6.7.6.0","id":"04OvED61689144908398"},"STAD3m61689155031909":{"stateId":"A88qPzc1689227806425","taskComponentId":"STAD3m61689155031909","version":"1.1.0","name":"组件ID打印并校验","message0":"打印组件ID，并校验$1是否正确，输出至：$0","type":"component","descriptionLinkAddr":"","localFullPath":"C:\\Users\\EDY\\AppData\\Roaming\\Z-Factory\\task-component\\components\\A88qPzc1689227806425","isCollection":false,"collectionTime":1689227806425,"description":"组件ID打印并校验","lastModifyTime":"2023/07/27 17:06:06","orderNumber":4,"state":1,"runtimeVersion":"6.7.6.0","id":"STAD3m61689155031909"}}}