{"id":"oFTWNDv1640418206364","name":"多Excel二位表对象拼接","version":"5.9.7","author":"","component":{"label":"多Excel二位表对象拼接","description":"concat方法是拼接函数，有行拼接和列拼接，默认是行拼接，拼接方法默认是外拼接","descriptionLinkAddr":"https://blog.csdn.net/zzpdbk/article/details/79232661","definition":{"message0":"Excel二维表对象$1, $2 $3拼接，保存合并结果至：$0","args0":[{"name":"d_return_data","label":"保存数据至","displayType":"text","defaultValue":"objRet","propertityDirection":"1","type":"input_value","id":0},{"name":"d_df_list","label":"Excel二维表对象列表（如：[df1,df2,df3]）","displayType":"text","defaultValue":"[]","propertityDirection":"0","type":"input_value","id":1},{"name":"d_concat_type","label":"合并方式","displayType":"dropDownSelect","defaultValue":"\"横向\"","propertityDirection":"0","type":"input_value","id":2,"displayParam":[{"label":"横向","value":"\"横向\""},{"label":"纵向","value":"\"纵向\""}]},{"name":"d_join_type","label":"合并类型","displayType":"dropDownSelect","defaultValue":"\"并集\"","propertityDirection":"0","type":"input_value","id":3,"displayParam":[{"label":"并集","value":"\"并集\""},{"label":"交集","value":"\"交集\""}]}],"options0":[{"defaultValue":"0","displayParam":[{"label":"是","value":"1"},{"label":"否","value":"0"}],"displayType":"dropDownSelect","label":"错误继续执行","name":"skip_err","type":"input_value"},{"defaultValue":"200","label":"执行后延时(毫秒)","type":"input_value","name":"delay_after"},{"defaultValue":"200","label":"执行前延时(毫秒)","name":"delay_before","type":"input_value"}]},"type":"TASK_COMPONENT_oFTWNDv1640418206364_1_0_3","version":"1.0.3","category":"task_component","tag":[{"label":"自建组件"},{"label":"流程组件"}],"codeDesc":[{"func":"self.TASK_COMPONENT_oFTWNDv1640418206364_1_0_3","args":["d_df_list","d_concat_type","d_join_type"],"assignTo":"d_return_data"}],"componentMode":["normal"],"releaseTag":3},"model":null,"taskVersion":"1.0.3","componentType":"电脑组件","dependencies":{}}