{"id":"EAKVeFL1639738023235","name":"读取Excel二维表对象内容（名称）","version":"5.9.7","author":"","component":{"label":"读取Excel二维表对象内容（名称）","description":"根据行名称列名称获取行列内容","descriptionLinkAddr":"https://www.cnblogs.com/guxh/p/8627251.html","definition":{"message0":"从Excel二维表对象 $1 中，读取 $2，保存$2至：$0","args0":[{"name":"d_result","label":"保存数据至","displayType":"text","defaultValue":"objRet","propertityDirection":"1","type":"input_value","id":0},{"name":"d_df","label":"二维表对象","displayType":"text","defaultValue":"\"\"","propertityDirection":"0","type":"input_value","id":1},{"name":"d_mode","label":"读取方式","displayType":"dropDownSelect","defaultValue":"\"行内容\"","propertityDirection":"0","type":"input_value","id":2,"displayParam":[{"label":"行内容","value":"\"行内容\""},{"label":"列内容","value":"\"列内容\""},{"label":"单元格","value":"\"单元格\""},{"label":"区域内容","value":"\"区域内容\""}]},{"name":"d_begin_no","label":"起始名称（行内容=起始行名称、列名称=起始列名称、单元格=行名称、区域内容=[起始行名称，起始列名称]）","displayType":"text","defaultValue":"\"\"","propertityDirection":"0","type":"input_value","id":3},{"name":"d_end_no","label":"结束名称（行内容=结束行名称、列名称=结束列名称、单元格=列名称、区域内容=[结束行名称，结束列名称]）","displayType":"text","defaultValue":"\"\"","propertityDirection":"0","type":"input_value","id":4}],"options0":[]},"type":"TASK_COMPONENT_EAKVeFL1639738023235_1_0_9","version":"1.0.9","category":"task_component","tag":[{"label":"自建组件"},{"label":"流程组件"}],"codeDesc":[{"func":"self.TASK_COMPONENT_EAKVeFL1639738023235_1_0_9","args":["d_df","d_mode","d_begin_no","d_end_no"],"assignTo":"d_result"}],"componentMode":["normal"],"releaseTag":3},"model":null,"taskVersion":"1.0.9","componentType":"电脑组件","dependencies":{}}