{"id":"8oyktIY1689672880582","name":"组件所需第三方库导入","version":"","author":"","useDoc":"","component":{"label":"组件所需第三方库导入","description":"将组件根目录/extend下的第三方库导入","descriptionLinkAddr":"","definition":{"message0":"将组件根目录/extend下的第三方库导入，输出至：$0","args0":[{"name":"执行结果","label":"执行结果","displayType":"text","defaultValue":"执行结果","propertityDirection":"1","isExport":1,"type":"input_value","id":0,"vType":[{"rule":"const","types":[{}]}],"PropertyDirection":"1","tip":""},{"name":"组件ID","label":"组件ID","displayType":"text","defaultValue":"\"\"","propertityDirection":"0","isExport":0,"type":"input_value","tip":"","id":1,"vType":[{"rule":"const","types":["rpa_str"]}]},{"name":"组件PATH","label":"组件PATH","displayType":"text","defaultValue":"\"\"","propertityDirection":"0","isExport":0,"type":"input_value","tip":"","id":2,"vType":[{"rule":"const","types":["rpa_str"]}]}],"options0":[{"defaultValue":"0","displayParam":[{"label":"是","value":"1"},{"label":"否","value":"0"}],"displayType":"dropDownSelect","label":"错误继续执行","name":"skip_err","type":"input_value"},{"defaultValue":"200","label":"执行前延时(毫秒)","name":"delay_before","type":"input_value"},{"defaultValue":"200","label":"执行后延时(毫秒)","type":"input_value","name":"delay_after"}]},"type":"TASK_COMPONENT_8oyktIY1689672880582_1_1_0","version":"1.1.0","category":"task_component","tag":[{"label":"自建组件"},{"label":"流程组件"}],"codeDesc":[{"func":"self.TASK_COMPONENT_8oyktIY1689672880582_1_1_0","args":["组件ID","组件PATH"],"assignTo":"执行结果"}],"componentMode":[],"releaseTag":3},"model":{"id":"w5xHq","label":"生意参谋-内容图文分析","description":"","shape":"sz-task","createTime":1688629866346,"x":-596,"y":-80,"width":160,"height":44,"output":"","input":"","useDoc":"","errorVar":"_error","branches":[],"reTryCount":"0","publishVersion":"2022101301","blockSourceId":"1580550013304573953","arrangementId":"w5xHq-flowBlock"},"taskVersion":"1.1.0","componentType":"电脑组件","isCollection":false,"publishVersion":"2022101301","blockSourceId":"1580550013304573953","createTime":1688639760299,"syncVersion":"","dependencies":{},"runtimeVersion":"6.7.6.0"}
