{"id":"NIsEJXK1640435991735","name":"获取Excel二维表对象属性","version":"5.9.7","author":"","component":{"label":"获取Excel二维表对象属性","description":"自建组件","descriptionLinkAddr":"","definition":{"message0":"在Excel二维表对象 $1中，获取$2，保存数据至：$0","args0":[{"name":"d_return_data","label":"保存数据至","displayType":"text","defaultValue":"objRet","propertityDirection":"1","type":"input_value","id":0},{"name":"d_df","label":"Excel二维表对象","displayType":"text","defaultValue":"\"\"","propertityDirection":"0","type":"input_value","id":1},{"name":"d_mode","label":"获取数据","displayType":"dropDownSelect","defaultValue":"\"Sheet页名称\"","propertityDirection":"0","type":"input_value","id":2,"displayParam":[{"label":"Sheet页名称","value":"\"Sheet页名称\""},{"label":"数据列表","value":"\"数据列表\""},{"label":"行索引列表","value":"\"行索引列表\""},{"label":"列名称列表","value":"\"列名称列表\""},{"label":"行列置换","value":"\"行列置换\""},{"label":"DF对象信息","value":"\"DF对象信息\""},{"label":"数据按列的统计信息","value":"\"数据按列的统计信息\""},{"label":"按行迭代列表","value":"\"按行迭代列表\""},{"label":"按行迭代字典","value":"\"按行迭代字典\""},{"label":"按列遍历字典","value":"\"按列遍历字典\""}]}],"options0":[{"defaultValue":"0","displayParam":[{"label":"是","value":"1"},{"label":"否","value":"0"}],"displayType":"dropDownSelect","label":"错误继续执行","name":"skip_err","type":"input_value"},{"defaultValue":"200","label":"执行前延时(毫秒)","name":"delay_before","type":"input_value"},{"defaultValue":"200","label":"执行后延时(毫秒)","type":"input_value","name":"delay_after"}]},"type":"TASK_COMPONENT_NIsEJXK1640435991735_1_0_4","version":"1.0.4","category":"task_component","tag":[{"label":"自建组件"},{"label":"流程组件"}],"codeDesc":[{"func":"self.TASK_COMPONENT_NIsEJXK1640435991735_1_0_4","args":["d_df","d_mode"],"assignTo":"d_return_data"}],"componentMode":["normal"],"releaseTag":3},"model":null,"taskVersion":"1.0.4","componentType":"电脑组件","dependencies":{}}