{"id":"STAD3m61689155031909","name":"组件ID打印并校验","version":"6.7.0","author":"","component":{"label":"组件ID打印并校验","description":"组件ID打印并校验","descriptionLinkAddr":"","definition":{"message0":"打印组件ID，并校验$1是否正确，输出至：$0","args0":[{"name":"执行结果","label":"执行结果","displayType":"text","defaultValue":"执行结果","propertityDirection":"1","isExport":1,"type":"input_value","id":0,"vType":[{"rule":"const","types":[{}]}]},{"name":"组件ID","label":"组件ID","displayType":"text","defaultValue":"\"\"","propertityDirection":"0","isExport":0,"type":"input_value","id":1,"vType":[{"rule":"const","types":["rpa_str"]}]},{"name":"组件信息路径","label":"组件信息路径","displayType":"selectFile","defaultValue":"\"\"","propertityDirection":"0","isExport":0,"type":"input_value","id":2,"vType":[{"rule":"const","types":["rpa_str"]}]}],"options0":[]},"type":"TASK_COMPONENT_STAD3m61689155031909_1_1_0","version":"1.1.0","category":"task_component","tag":[{"label":"自建组件"},{"label":"流程组件"}],"codeDesc":[{"func":"self.TASK_COMPONENT_STAD3m61689155031909_1_1_0","args":["组件ID","组件信息路径"],"assignTo":"执行结果"}],"componentMode":["normal"],"releaseTag":3},"model":null,"taskVersion":"1.1.0","componentType":"电脑组件","isCollection":false,"syncVersion":"","publishVersion":"","blockSourceId":"","createTime":1689155031909,"dependencies":{},"useDoc":"","runtimeVersion":"6.7.6.0"}
