{"id":"kYYxkOr1649236418656","name":"【二维表】拷贝","version":"6.0.1","author":"","component":{"label":"【二维表】拷贝","description":"拷贝二维表对象","descriptionLinkAddr":"","definition":{"message0":"拷贝二维表对象$1，输出至：$0","args0":[{"name":"d_df","label":"输出到变量","displayType":"text","defaultValue":"df","propertityDirection":"1","type":"input_value","id":0},{"name":"d_df_input","label":"二维表对象","displayType":"text","defaultValue":"\"\"","propertityDirection":"0","type":"input_value","id":1}],"options0":[]},"type":"TASK_COMPONENT_kYYxkOr1649236418656_1_0_2","version":"1.0.2","category":"task_component","tag":[{"label":"自建组件"},{"label":"流程组件"}],"codeDesc":[{"func":"self.TASK_COMPONENT_kYYxkOr1649236418656_1_0_2","args":["d_df_input"],"assignTo":"d_df"}],"componentMode":["normal"],"releaseTag":3},"model":null,"taskVersion":"1.0.2","componentType":"电脑组件","dependencies":{}}