{"id":"o8290th1640263232598","name":"读取Excel二维表行列数","version":"5.9.7","author":"","component":{"label":"读取Excel二维表行列数","description":"","descriptionLinkAddr":"https://www.cnblogs.com/hezhiyao/p/7879812.html","definition":{"message0":"从Excel二维表对象 $1 中， 读取 $2 ， 保存$2至：$0","args0":[{"name":"d_result","label":"保存数据至","displayType":"text","defaultValue":"objRet","propertityDirection":"1","type":"input_value","id":0},{"name":"d_df","label":"二维表对象","displayType":"text","defaultValue":"\"\"","propertityDirection":"0","type":"input_value","id":1},{"name":"d_mode","label":"读取方式","displayType":"dropDownSelect","defaultValue":"\"总行数\"","propertityDirection":"0","type":"input_value","id":2,"displayParam":[{"label":"总行数","value":"\"总行数\""},{"label":"总列数","value":"\"总列数\""},{"label":"总行列数","value":"\"总行列数\""}]}],"options0":[]},"type":"TASK_COMPONENT_o8290th1640263232598_1_0_10","version":"1.0.10","category":"task_component","tag":[{"label":"自建组件"},{"label":"流程组件"}],"codeDesc":[{"func":"self.TASK_COMPONENT_o8290th1640263232598_1_0_10","args":["d_df","d_mode"],"assignTo":"d_result"}],"componentMode":["normal"],"releaseTag":3},"model":null,"taskVersion":"1.0.10","componentType":"电脑组件","dependencies":{}}