{"id":"w0teLTc1640422212665","name":"Excel二维表对象分组","version":"5.9.7","author":"","component":{"label":"Excel二维表对象分组","description":"根据指定列进行分组计算，支持求和、计算、平均值等","descriptionLinkAddr":"https://zhuanlan.zhihu.com/p/101284491","definition":{"message0":"Excel二维表对象 $1，根据$2分组，$3$4，保存数据至：$0","args0":[{"name":"d_return_data","label":"保存数据至","displayType":"text","defaultValue":"objRet","propertityDirection":"1","type":"input_value","id":0},{"name":"d_df","label":"Excel二维表对象","displayType":"text","defaultValue":"\"\"","propertityDirection":"0","type":"input_value","id":1},{"name":"d_column_name","label":"分组列名（传参：字符串/列表）","displayType":"text","defaultValue":"[]","propertityDirection":"0","type":"input_value","id":2},{"name":"d_count_col","label":"计算列名","displayType":"text","defaultValue":"[]","propertityDirection":"0","type":"input_value","id":3,"displayParam":[{"label":"求和","value":"\"求和\""},{"label":"计数","value":"\"计数\""},{"label":"平均值","value":"\"平均值\""},{"label":"最大值","value":"\"最大值\""},{"label":"最小值","value":"\"最小值\""}]},{"name":"d_func","label":"统计方式","displayType":"dropDownSelect","defaultValue":"\"求和\"","propertityDirection":"0","type":"input_value","id":4,"displayParam":[{"label":"求和","value":"\"求和\""},{"label":"计数","value":"\"计数\""},{"label":"平均值","value":"\"平均值\""},{"label":"最大值","value":"\"最大值\""},{"label":"最小值","value":"\"最小值\""}]}],"options0":[]},"type":"TASK_COMPONENT_w0teLTc1640422212665_1_0_3","version":"1.0.3","category":"task_component","tag":[{"label":"自建组件"},{"label":"流程组件"}],"codeDesc":[{"func":"self.TASK_COMPONENT_w0teLTc1640422212665_1_0_3","args":["d_df","d_column_name","d_count_col","d_func"],"assignTo":"d_return_data"}],"componentMode":["normal"],"releaseTag":3},"model":null,"taskVersion":"1.0.3","componentType":"电脑组件","dependencies":{}}